时段,时间,电价,负载电量_kWh,光伏电量_kWh,计划购电量_kWh,充电量_kWh,放电量_kWh,弃光或富余电量_kWh,时段初储电量_kWh,时段末储电量_kWh,购电费用
1,00:10:00,0.4248,573.3077666666666,0.0,1406.6410999999998,833.3333333333333,0.0,0.0,6000.0,6750.0,597.5411392799999
2,00:20:00,0.4245,572.9965333333333,0.0,1406.3298666666665,833.3333333333333,0.0,0.0,6750.0,7500.0,596.9870283999999
3,00:30:00,0.4269,574.0505166666667,0.0,1407.38385,833.3333333333333,0.0,0.0,7500.0,8250.0,600.812165565
4,00:40:00,0.4272,575.7406166666666,0.0,1409.07395,833.3333333333333,0.0,1.1368683772161603e-13,8250.0,9000.0,601.9563914400001
5,00:50:00,0.4271,576.4712166666666,0.0,1409.8045499999998,833.3333333333333,0.0,0.0,9000.0,9750.0,602.127523305
6,01:00:00,0.4285,576.6400166666666,0.0,576.6400166666666,0.0,0.0,0.0,9750.0,9750.0,247.09024714166665
7,01:10:00,0.4311,577.8597,0.0,577.8597,0.0,0.0,0.0,9750.0,9750.0,249.11531666999997
8,01:20:00,0.4302,577.9938666666667,0.0,577.9938666666667,0.0,0.0,0.0,9750.0,9750.0,248.65296144
9,01:30:00,0.4279,577.82805,0.0,911.1613833333333,333.3333333333333,0.0,5.684341886080802e-14,9750.0,10050.0,389.8859559283333
10,01:40:00,0.4312,580.41545,0.0,580.41545,0.0,0.0,0.0,10050.0,10050.0,250.27514204
11,01:50:00,0.4333,582.5140166666666,0.0,582.5140166666666,0.0,0.0,0.0,10050.0,10050.0,252.40332342166667
12,02:00:00,0.4311,583.0740499999999,0.0,583.0740499999999,0.0,0.0,0.0,10050.0,10050.0,251.36322295499997
13,02:10:00,0.4293,584.2049166666666,0.0,584.2049166666666,0.0,0.0,0.0,10050.0,10050.0,250.79917072499998
14,02:20:00,0.4324,585.4397833333333,0.0,585.4397833333333,0.0,0.0,0.0,10050.0,10050.0,253.1441623133333
15,02:30:00,0.4367,586.1447499999999,0.0,586.1447499999999,0.0,0.0,0.0,10050.0,10050.0,255.96941232499995
16,02:40:00,0.4348,586.3207666666666,0.0,586.3207666666666,0.0,0.0,0.0,10050.0,10050.0,254.93226934666666
17,02:50:00,0.4335,586.4253,0.0,586.4253,0.0,0.0,0.0,10050.0,10050.0,254.21536755
18,03:00:00,0.4357,586.8496,0.0,586.8496,0.0,0.0,0.0,10050.0,10050.0,255.69037072
19,03:10:00,0.4374,587.8210166666667,0.0,587.8210166666667,0.0,0.0,0.0,10050.0,10050.0,257.11291269
20,03:20:00,0.4371,589.5475666666666,0.0,589.5475666666666,0.0,0.0,0.0,10050.0,10050.0,257.69124138999996
21,03:30:00,0.4356,590.8134666666666,0.0,590.8134666666666,0.0,0.0,0.0,10050.0,10050.0,257.35834608
22,03:40:00,0.4353,590.2131166666666,0.0,590.2131166666666,0.0,0.0,0.0,10050.0,10050.0,256.91976968499995
23,03:50:00,0.436,591.0662666666666,0.0,591.0662666666666,0.0,0.0,0.0,10050.0,10050.0,257.70489226666666
24,04:00:00,0.4378,593.3678333333332,0.0,593.3678333333332,0.0,0.0,0.0,10050.0,10050.0,259.7764374333333
25,04:10:00,0.4401,593.6596833333333,0.0,593.6596833333333,0.0,0.0,0.0,10050.0,10050.0,261.269626635
26,04:20:00,0.4389,592.7863833333333,0.0,592.7863833333333,0.0,0.0,0.0,10050.0,10050.0,260.173943645
27,04:30:00,0.4364,593.3378666666666,0.0,593.3378666666666,0.0,0.0,0.0,10050.0,10050.0,258.93264501333334
28,04:40:00,0.4393,596.7756666666667,0.0999,596.6757666666666,0.0,0.0,0.0,10050.0,10050.0,262.11966429666666
29,04:50:00,0.4422,597.8193333333334,0.03908333333333333,597.78025,0.0,0.0,0.0,10050.0,10050.0,264.33842655
30,05:00:00,0.4395,595.2105833333333,0.048083333333333325,595.1624999999999,0.0,0.0,0.0,10050.0,10050.0,261.57391874999996
31,05:10:00,0.4333,593.7195166666667,3.1130166666666668,590.6065,0.0,0.0,0.0,10050.0,10050.0,255.90979645000002
32,05:20:00,0.4439,598.5634833333334,9.078299999999999,589.4851833333333,0.0,0.0,0.0,10050.0,10050.0,261.6724728816667
33,05:30:00,0.4301,596.6174166666666,18.161966666666665,578.4554499999999,0.0,0.0,0.0,10050.0,10050.0,248.79368904499995
34,05:40:00,0.3713,581.0198333333333,30.693383333333333,1383.6597833333333,833.3333333333333,0.0,0.0,10050.0,10800.0,513.7528775516666
35,05:50:00,0.5708,637.3165666666666,46.17636666666667,591.1401999999999,0.0,0.0,0.0,10800.0,10800.0,337.42282615999994
36,06:00:00,0.9099,733.0121166666665,64.75823333333332,2.2538833333331922,0.0,666.0,0.0,10800.0,10060.0,2.0508084449998716
37,06:10:00,0.9368,742.3353833333333,86.88005,0.0,0.0,657.0,1.5446666666666715,10060.0,9330.0,0.0
38,06:20:00,0.8758,728.6319833333333,112.12795,4.504033333333382,0.0,612.0,1.1368683772161603e-13,9330.0,8650.0,3.944632393333376
39,06:30:00,0.8759,732.1588333333334,140.70434999999998,0.0,0.0,594.0,2.545516666666572,8650.0,7990.0,0.0
40,06:40:00,0.8601,730.7659333333332,173.27906666666667,0.0,0.0,558.0,0.5131333333334851,7990.0,7370.0,0.0
41,06:50:00,0.8442,739.1292833333333,209.88958333333335,0.0,0.0,531.0,1.7603000000000293,7370.0,6780.0,0.0
42,07:00:00,0.8334,753.90935,251.43863333333334,0.0,0.0,504.0,1.5292833333332965,6780.0,6220.0,0.0
43,07:10:00,0.8092,754.0120166666667,298.56845,5.4435666666666975,0.0,450.0,0.0,6220.0,5720.0,4.404934146666692
44,07:20:00,0.7972,757.6477833333333,347.5810833333333,5.066700000000026,0.0,405.0,0.0,5720.0,5270.0,4.039173240000021
45,07:30:00,0.7644,753.8736333333333,396.87685,5.996783333333269,0.0,351.0,0.0,5270.0,4880.0,4.583941179999951
46,07:40:00,0.6899,730.5594333333333,447.1958666666667,4.363566666666657,0.0,279.0,0.0,4880.0,4570.0,3.010424643333326
47,07:50:00,0.86,818.4099833333332,497.72586666666666,5.684116666666569,0.0,315.0,0.0,4570.0,4220.0,4.8883403333332485
48,08:00:00,1.1617,966.6221166666666,548.2006666666666,4.421449999999936,0.0,414.0,0.0,4220.0,3760.0,5.1363984649999255
49,08:10:00,1.1683,980.8043333333333,598.89355,3.9107833333332565,0.0,378.0,0.0,3760.0,3340.0,4.568968168333243
50,08:20:00,1.0956,958.0118833333332,648.4555333333333,3.556349999999952,0.0,306.0,0.0,3340.0,3000.0,3.896337059999947
51,08:30:00,1.0849,961.5096833333333,696.8902833333333,3.6194000000000415,0.0,261.0,0.0,3000.0,2710.0,3.9266870600000447
52,08:40:00,1.061,959.0350833333333,745.2942833333333,0.0,0.0,216.0,2.2591999999999643,2710.0,2470.0,0.0
53,08:50:00,1.043,970.6967833333333,792.1378666666666,0.0,0.0,180.0,1.4410833333332675,2470.0,2270.0,0.0
54,09:00:00,1.036,992.3766833333334,836.9845666666666,2.392116666666766,0.0,153.0,0.0,2270.0,2100.0,2.4782328666667697
55,09:10:00,1.0147,993.1616,880.9020999999999,4.259500000000116,0.0,108.0,0.0,2100.0,1980.0,4.322114650000118
56,09:20:00,0.9922,988.2592333333333,923.8623666666667,1.3968666666665968,0.0,63.0,0.0,1980.0,1910.0,1.3859711066665972
57,09:30:00,0.97,987.2971333333332,964.7348833333333,4.562249999999949,0.0,18.0,0.0,1910.0,1890.0,4.425382499999951
58,09:40:00,0.9422,984.5976666666667,1002.0217333333333,4.7981555555555815,22.22222222222222,0.0,0.0,1890.0,1910.0,4.5208221644444695
59,09:50:00,0.9569,983.1877,1036.0254666666665,2.7177888888891175,55.55555555555556,0.0,9.947598300641403e-14,1910.0,1960.0,2.6006521877779964
60,10:00:00,0.9977,983.7032666666667,1068.2656833333333,4.3264722222222645,88.88888888888889,0.0,2.842170943040401e-14,1960.0,2040.0,4.316521336111153
61,10:10,0.9919,982.9132166666666,1099.8968,5.238638888888772,122.22222222222221,0.0,0.0,2040.0,2150.0,5.1962059138887735
62,10:20,0.9588,981.1261333333333,1127.7867333333334,0.0,144.44444444444443,0.0,2.2161555555556163,2150.0,2280.0,0.0
63,10:30,0.9549,978.9118,1152.43205,4.257527777777796,177.77777777777777,0.0,0.0,2280.0,2440.0,4.065513275000017
64,10:40,0.9839,976.3384666666667,1177.36755,0.0,200.0,0.0,1.029083333333233,2440.0,2620.0,0.0
65,10:50,0.799,974.1658,1199.5719166666665,0.0,222.22222222222223,0.0,3.18389444444432,2620.0,2820.0,0.0
66,11:00,0.5025,973.1764499999999,1217.1857,0.4351944444442779,244.44444444444443,0.0,0.0,2820.0,3040.0,0.21868520833324961
67,11:10,0.4662,973.1183833333332,1231.2808,575.1709166666665,833.3333333333333,0.0,0.0,3040.0,3790.0,268.1446813499999
68,11:20,0.5007,970.5729666666666,1243.2044999999998,5.146244444444619,277.77777777777777,0.0,5.684341886080802e-14,3790.0,4040.0,2.576724593333421
69,11:30,0.4827,969.1322,1253.4531833333333,4.567905555555626,288.88888888888886,0.0,5.684341886080802e-14,4040.0,4300.0,2.2049280116667007
70,11:40,0.4785,972.06585,1261.3673166666667,77.36519999999996,366.6666666666667,0.0,5.684341886080802e-14,4300.0,4630.0,37.01924819999998
71,11:50,0.4662,952.1501666666666,1265.3589833333333,520.1245166666665,833.3333333333333,0.0,0.0,4630.0,5380.0,242.48204966999992
72,12:00,0.4432,919.9101166666666,1266.84055,486.40290000000005,833.3333333333333,0.0,1.1368683772161603e-13,5380.0,6130.0,215.57376528
73,12:10,0.4411,915.7984499999999,1268.7193333333332,480.41245000000004,833.3333333333333,0.0,1.1368683772161603e-13,6130.0,6880.0,211.909931695
74,12:20,0.4551,919.0754,1267.1087333333332,485.29999999999995,833.3333333333333,0.0,0.0,6880.0,7630.0,220.86003
75,12:30,0.4463,914.3048333333332,1259.0312,488.6069666666667,833.3333333333333,0.0,1.1368683772161603e-13,7630.0,8380.0,218.06528922333334
76,12:40,0.4113,910.3937999999999,1245.4564,498.2707333333333,833.3333333333333,0.0,1.1368683772161603e-13,8380.0,9130.0,204.93875261999997
77,12:50,0.5682,927.6844333333333,1232.2361999999998,6.559344444444605,311.1111111111111,0.0,0.0,9130.0,9410.0,3.727019513333425
78,13:00,0.8279,954.2924666666665,1218.79965,2.1594833333333554,266.6666666666667,0.0,5.684341886080802e-14,9410.0,9650.0,1.7878362516666848
79,13:10,0.8636,956.5826166666667,1199.0901666666666,1.9368944444445333,244.44444444444443,0.0,2.842170943040401e-14,9650.0,9870.0,1.6727020422222991
80,13:20,0.8416,952.4472666666667,1175.5228499999998,0.0,222.22222222222223,0.0,0.853361111110928,9870.0,10070.0,0.0
81,13:30,0.8618,952.9750833333333,1151.7343999999998,1.2406833333334362,200.0,0.0,0.0,10070.0,10250.0,1.0692208966667553
82,13:40,0.8623,951.3747666666666,1128.7345833333334,0.4179611111110262,177.77777777777777,0.0,5.684341886080802e-14,10250.0,10410.0,0.36040786611103787
83,13:50,0.9026,949.4863666666666,1101.2266666666665,3.815255555555723,155.55555555555554,0.0,0.0,10410.0,10550.0,3.443649664444595
84,14:00,0.9754,948.7163833333334,1068.7514166666665,2.187188888889068,122.22222222222221,0.0,0.0,10550.0,10660.0,2.133384042222397
85,14:10,1.0002,947.8548499999999,1035.6693,1.0744388888888352,88.88888888888889,0.0,2.842170943040401e-14,10660.0,10740.0,1.0746537766666129
86,14:20,0.9978,946.4936666666667,1000.1185333333333,1.9306888888889944,55.55555555555556,0.0,0.0,10740.0,10790.0,1.9264413733334387
87,14:30,1.0271,944.9084666666665,961.1636,0.0,11.11111111111111,0.0,5.144022222222336,10790.0,10800.0,0.0
88,14:40,1.0906,944.0324666666667,920.2511,5.781366666666713,0.0,18.0,0.0,10800.0,10780.0,6.305158486666717
89,14:50,0.9376,945.4501833333334,878.1301666666666,4.320016666666788,0.0,63.0,0.0,10780.0,10710.0,4.050447626666781
90,15:00,0.6694,947.0423999999999,834.9525333333332,112.0898666666667,0.0,0.0,0.0,10710.0,10710.0,75.03295674666668
91,15:10,0.66,944.8365833333334,790.5747333333334,254.26184999999987,100.0,0.0,0.0,10710.0,10800.0,167.81282099999993
92,15:20,0.7217,942.7275166666666,745.204,197.52351666666664,0.0,0.0,0.0,10800.0,10800.0,142.55272197833332
93,15:30,0.7308,942.8477833333333,698.03375,244.8140333333332,0.0,0.0,0.0,10800.0,10800.0,178.91009555999992
94,15:40,0.7534,943.7668,648.2321833333333,295.5346166666667,0.0,0.0,0.0,10800.0,10800.0,222.65578019666668
95,15:50,0.7823,944.8766,599.0990999999999,345.77750000000015,0.0,0.0,0.0,10800.0,10800.0,270.50173825000013
96,16:00,0.8055,945.57945,550.6479666666667,394.9314833333333,0.0,0.0,0.0,10800.0,10800.0,318.11730982499995
97,16:10,0.8271,945.1691000000001,499.73744999999997,445.4316500000001,0.0,0.0,0.0,10800.0,10800.0,368.41651771500005
98,16:20,0.8519,943.5987666666666,447.90218333333337,495.69658333333325,0.0,0.0,0.0,10800.0,10800.0,422.2839193416666
99,16:30,0.8791,944.3153666666667,397.1963166666667,547.11905,0.0,0.0,0.0,10800.0,10800.0,480.972356855
100,16:40,0.9024,948.1728666666666,348.18743333333333,599.9854333333333,0.0,0.0,0.0,10800.0,10800.0,541.42685504
101,16:50,0.9163,933.9435666666666,298.5138166666667,635.4297499999999,0.0,0.0,0.0,10800.0,10800.0,582.2442799249999
102,17:00,0.9264,911.1187333333334,250.28805,660.8306833333334,0.0,0.0,0.0,10800.0,10800.0,612.19354504
103,17:10,0.9462,911.2323166666666,209.19538333333333,702.0369333333333,0.0,0.0,0.0,10800.0,10800.0,664.26734632
104,17:20,0.9742,910.7878333333333,172.72205,738.0657833333333,0.0,0.0,0.0,10800.0,10800.0,719.0236861233333
105,17:30,0.9862,915.4076333333334,139.46291666666667,775.9447166666666,0.0,0.0,0.0,10800.0,10800.0,765.2366795766666
106,17:40,0.976,936.9551333333334,110.87188333333333,826.08325,0.0,0.0,0.0,10800.0,10800.0,806.257252
107,17:50,1.0742,848.5354333333332,86.11263333333332,762.4227999999999,0.0,0.0,0.0,10800.0,10800.0,818.99457176
108,18:00,1.2313,701.4281333333333,64.44551666666666,636.9826166666667,0.0,0.0,0.0,10800.0,10800.0,784.3166959016667
109,18:10,1.2561,687.1268499999999,45.96554999999999,101.16129999999987,0.0,540.0,0.0,10800.0,10200.0,127.06870892999983
110,18:20,1.2447,709.3226333333333,30.492099999999997,678.8305333333333,0.0,0.0,0.0,10200.0,10200.0,844.9403648399999
111,18:30,1.2545,704.3254,18.0569,686.2684999999999,0.0,0.0,0.0,10200.0,10200.0,860.9238332499998
112,18:40,1.2522,705.5563999999999,9.052016666666667,696.5043833333333,0.0,0.0,0.0,10200.0,10200.0,872.1627888099999
113,18:50,1.2881,707.7437499999999,3.1094833333333334,29.634266666666576,0.0,675.0,0.0,10200.0,9450.0,38.171898893333214
114,19:00,1.3466,706.5299166666666,0.04588333333333333,31.484033333333286,0.0,675.0,0.0,9450.0,8700.0,42.39639928666661
115,19:10,1.3523,707.4447333333333,0.038266666666666664,32.406466666666574,0.0,675.0,0.0,8700.0,7950.0,43.82326487333321
116,19:20,1.3445,708.6531166666666,0.10011666666666666,33.553,0.0,675.0,0.0,7950.0,7200.0,45.112008499999995
117,19:30,1.3483,709.4468833333333,0.0,34.44688333333329,0.0,675.0,0.0,7200.0,6450.0,46.44473279833328
118,19:40,1.349,711.23245,0.0,36.23244999999997,0.0,675.0,0.0,6450.0,5700.0,48.87757504999996
119,19:50,1.3473,711.6625,0.0,36.66250000000002,0.0,675.0,0.0,5700.0,4950.0,49.39538625000003
120,20:00,1.3482,711.4450333333332,0.0,36.445033333333186,0.0,675.0,0.0,4950.0,4200.0,49.1351939399998
121,20:10,1.3513,713.7040833333333,0.0,38.7040833333333,0.0,675.0,0.0,4200.0,3450.0,52.30082780833329
122,20:20,1.34,715.28415,0.0,40.284149999999954,0.0,675.0,0.0,3450.0,2700.0,53.980760999999944
123,20:30,1.3489,715.22685,0.0,40.22685000000001,0.0,675.0,0.0,2700.0,1950.0,54.26199796500002
124,20:40,1.3952,715.6530333333333,0.0,40.65303333333327,0.0,675.0,0.0,1950.0,1200.0,56.71911210666658
125,20:50,1.2226,715.8689166666666,0.0,715.8689166666666,0.0,0.0,0.0,1200.0,1200.0,875.2213375166665
126,21:00,0.9332,717.0051166666667,0.0,717.0051166666667,0.0,0.0,0.0,1200.0,1200.0,669.1091748733334
127,21:10,0.9068,720.1603,0.0,720.1603,0.0,0.0,0.0,1200.0,1200.0,653.0413600400001
128,21:20,0.9371,717.0548666666666,0.0,717.0548666666666,0.0,0.0,0.0,1200.0,1200.0,671.9521155533333
129,21:30,0.9371,720.4459666666667,0.0,720.4459666666667,0.0,0.0,0.0,1200.0,1200.0,675.1299153633333
130,21:40,0.9871,738.1347166666666,0.0,738.1347166666666,0.0,0.0,0.0,1200.0,1200.0,728.6127788216666
131,21:50,0.7764,671.6935666666666,0.0,671.6935666666666,0.0,0.0,0.0,1200.0,1200.0,521.5028851599999
132,22:00,0.4209,560.4569833333333,0.0,1393.7903166666665,833.3333333333333,0.0,0.0,1200.0,1950.0,586.6463442849999
133,22:10,0.3859,551.5655666666667,0.0,1384.8989,833.3333333333333,0.0,0.0,1950.0,2700.0,534.43248551
134,22:20,0.4368,568.8260499999999,0.0,568.8260499999999,0.0,0.0,0.0,2700.0,2700.0,248.46321863999998
135,22:30,0.4198,563.6552166666667,0.0,1396.98855,833.3333333333333,0.0,1.1368683772161603e-13,2700.0,3450.0,586.45579329
136,22:40,0.4186,564.4265333333333,0.0,1397.7598666666665,833.3333333333333,0.0,0.0,3450.0,4200.0,585.1022801866667
137,22:50,0.4241,566.7474333333332,0.0,566.7474333333332,0.0,0.0,0.0,4200.0,4200.0,240.3575864766666
138,23:00,0.4237,566.5404333333333,0.0,1399.8737666666666,833.3333333333333,0.0,0.0,4200.0,4950.0,593.1265149366667
139,23:10,0.4248,567.83015,0.0,567.83015,0.0,0.0,0.0,4950.0,4950.0,241.21424772
140,23:20,0.424,569.3586333333333,0.0,569.3586333333333,0.0,0.0,0.0,4950.0,4950.0,241.4080605333333
141,23:30,0.422,570.3301833333333,0.0,1403.6635166666665,833.3333333333333,0.0,0.0,4950.0,5700.0,592.3460040333332
142,23:40,0.424,571.6153833333333,0.0,904.9487166666665,333.3333333333333,0.0,0.0,5700.0,6000.0,383.6982558666666
143,23:50,0.4271,573.1768333333333,0.0,573.1768333333333,0.0,0.0,0.0,6000.0,6000.0,244.80382551666665
144,0:00+1,0.4276,574.1209833333332,0.0,574.1209833333332,0.0,0.0,0.0,6000.0,6000.0,245.49413247333328
