date,soc_start,soc_end,initial_grid,final_grid,plan_cost,adjustment_cost,emergency_cost,total_cost,emergency_kwh,surplus_kwh,max_charge_discharge_overlap,stage_objectives
2025-01-01,6000.0,1200.0000000000052,72838.10595082304,72838.10595082304,45888.04234434617,0.0,73560.86577649166,119448.90812083782,18680.60063333333,320.77001666666763,0.0,[50476.84657878079]
2025-01-02,1200.0000000000052,1200.0000000000023,111203.63114999999,111203.63114999999,73431.630220195,0.0,3847.0712488499976,77278.701469045,1121.134016666666,14562.859233333336,0.0,[106293.392988607]
2025-01-03,1200.0000000000023,1199.9999999999998,108701.61904649122,108701.61904649122,71484.26318745746,0.0,0.0,71484.26318745746,0.0,58320.01101315789,0.0,[94029.79140072654]
2025-01-04,1199.9999999999998,1200.0000000000014,90337.15400141451,90337.15400141451,56507.11278440425,0.0,178.65711808118093,56685.76990248543,83.56273062730634,40778.44769870848,0.0,[72945.09943737078]
2025-01-05,1200.0000000000014,1200.0000000000005,70913.14328978614,70913.14328978614,41739.156543911085,0.0,103325.28504663835,145064.44159054942,24455.577279199373,0.0,0.0,[47552.84038576731]
2025-01-06,1200.0000000000005,1200.0000000000023,97091.35916938385,97091.35916938385,62031.97158466887,0.0,20635.84664222576,82667.81822689463,4939.560546814387,6521.771949531577,0.0,[79210.84741963798]
2025-01-07,1200.0000000000023,1199.9999999999989,95420.90911932796,95420.90911932796,60634.267916422265,0.0,22976.14027288158,83610.40818930385,5407.834373000711,3437.0233550207918,0.0,[80924.41142750032]
2025-01-08,1199.9999999999989,1200.0000000000005,103147.32479173664,103147.32479173664,66253.58425876562,0.0,16911.595987000557,83165.18024576618,4125.652042184256,12711.975517254235,0.0,[91518.35645993496]
2025-01-09,1200.0000000000005,1200.0000000000018,97500.8372233331,97500.8372233331,62046.446802215694,0.0,15960.103001860674,78006.54980407636,3843.7649746152733,5376.379414615047,0.0,[84621.67970386459]
2025-01-10,1200.0000000000018,1199.9999999999995,113000.4978933704,113000.4978933704,74705.59481970055,0.0,0.0,74705.59481970055,0.0,62484.18803921198,0.0,[101119.65895462628]
2025-01-11,1199.9999999999995,1200.0000000000036,85880.57473448172,85880.57473448172,53262.01987263273,0.0,241.28740083050414,53503.30727346323,112.85659533699913,36303.6989641721,0.0,[80437.37622954135]
2025-01-12,1200.0000000000036,1200.0000000000016,74083.30749239543,74083.30749239543,43368.46628558329,0.0,91859.58384023048,135228.05012581375,21972.150657741964,471.2364168040636,0.0,[69134.28899697047]
2025-01-13,1200.0000000000016,1199.999999999999,96221.1737316371,96221.1737316371,61250.43125726242,0.0,24338.94991730892,85589.38117457135,5985.696869807109,9056.246968110889,0.0,[77780.84089558783]
2025-01-14,1199.999999999999,1200.0000000000005,96625.6801935951,96625.6801935951,61636.54544870429,0.0,21777.276667551192,83413.82211625548,5392.784778446352,7861.48537204145,0.0,[77125.78728082833]
2025-01-15,1200.0000000000005,1199.9999999999986,94890.49775857342,94890.49775857342,60602.56178155668,0.0,22455.28388157712,83057.8456631338,5161.07783904067,5237.157613283322,0.0,[84167.12192783956]
2025-01-16,1199.9999999999986,1200.000000000001,92168.54828927682,92168.54828927682,58300.92266419715,0.0,21228.367508031195,79529.29017222834,4955.979803472397,3217.693580527413,0.0,[72456.12893086163]
2025-01-17,1200.000000000001,1200.0000000000007,104406.89220870157,104406.89220870157,68045.38137717107,0.0,0.0,68045.38137717107,0.0,56785.83681677954,0.0,[97821.33443054002]
2025-01-18,1200.0000000000007,1199.999999999999,93900.63556594549,93900.63556594549,59210.24975811015,0.0,89.96097996009463,59300.210738070244,42.077165556639216,45823.537048168786,0.0,[91396.98331365894]
2025-01-19,1199.999999999999,1200.0000000000007,60776.437490890596,60776.437490890596,34366.931965996846,0.0,135985.91232950691,170352.84429550375,32139.148962766136,4.307018613883201,0.0,[38043.98919041036]
2025-01-20,1200.0000000000007,1200.0000000000011,85990.60073161991,85990.60073161991,53677.77407414699,0.0,32865.54855921422,86543.32263336121,8038.571055163283,1207.5344614680107,0.0,[74629.89765892077]
2025-01-21,1200.0000000000011,1200.0000000000014,88358.78761698471,88358.78761698471,55346.67285827366,0.0,19201.773436384625,74548.4462946583,4761.524087560663,4870.625921491455,0.0,[75240.57886440007]
2025-01-22,1200.0000000000014,1200.0000000000014,93039.78981546858,93039.78981546858,58611.341016385544,0.0,19891.114691047787,78502.45570743333,4700.868327203831,4027.5626014023883,0.0,[79453.7855637203]
2025-01-23,1200.0000000000014,1200.0000000000018,91442.1488459311,91442.1488459311,57473.39608967955,0.0,22098.55555997922,79571.95164965876,5313.0867901642,2321.681804120813,0.0,[78322.36658053666]
2025-01-24,1200.0000000000018,1200.000000000001,98192.50831686587,98192.50831686587,63251.89026035607,0.0,0.0,63251.89026035607,0.0,53486.42850019922,0.0,[84796.99685801653]
2025-01-25,1200.000000000001,1200.0000000000011,87046.87938381209,87046.87938381209,54517.12018418949,0.0,0.0,54517.12018418949,0.0,43773.47275515985,0.0,[127051.62897297909]
2025-01-26,1200.0000000000011,1200.0000000000002,86732.44305047826,86732.44305047826,52917.89281493651,0.0,56726.660513437375,109644.55332837388,13505.13340309375,7684.984119017716,0.0,[99855.76588693648]
2025-01-27,1200.0000000000002,1200.0000000000005,84426.66997408301,84426.66997408301,52221.97530968367,0.0,26506.472040596138,78728.4473502798,6656.273880996505,2169.6937384128564,0.0,[77099.69386894722]
2025-01-28,1200.0000000000005,1199.9999999999995,91064.39233786502,91064.39233786502,56544.26689408026,0.0,21970.588169554267,78514.85506363453,5303.694258660435,4669.353896525461,0.0,[80402.52831926056]
2025-01-29,1199.9999999999995,1200.0000000000036,84457.3903661566,84457.3903661566,52052.86119861291,0.0,17535.109262533093,69587.970461146,4130.75423315746,2658.870643301796,0.0,[68730.21426603053]
2025-01-30,1200.0000000000036,1200.0000000000005,86930.62639734188,86930.62639734188,54595.33745240808,0.0,18447.06567985854,73042.40313226663,4211.0820967122445,2844.4057807129907,0.0,[78366.54882748847]
2025-01-31,1200.0000000000005,1200.0000000000014,96793.18537846615,96793.18537846615,62527.855855565635,0.0,0.0,62527.855855565635,0.0,53231.775708419416,0.0,[86792.32252558338]
2025-02-01,1200.0000000000014,1200.0000000000036,67720.4048605586,67720.4048605586,39521.736156138424,0.0,193.69318901861686,39715.42934515704,38.44070348936191,28923.558419982066,0.0,[43611.01153213678]
2025-02-02,1200.0000000000036,1200.000000000001,56934.39578999182,56934.39578999182,31754.69713682017,0.0,110316.49431065374,142071.19144747392,25437.891096413066,6.829254182931095,0.0,[35064.711717515434]
2025-02-03,1200.000000000001,1200.0000000000018,87402.27213542094,87402.27213542094,54176.55825230135,0.0,19115.729717801427,73292.28797010277,4231.9174763695755,6698.939778457182,0.0,[75568.1767235617]
2025-02-04,1200.0000000000018,1199.9999999999968,90478.3651194196,90478.3651194196,56899.5780210137,0.0,14882.428152834216,71782.00617384791,3362.358746353137,7769.193249106082,0.0,[78961.2006483278]
2025-02-05,1199.9999999999968,1200.0000000000011,88145.45153992911,88145.45153992911,55179.78787817748,0.0,16079.406018227342,71259.19389640482,3834.3890556323454,6365.998019460863,0.0,[82772.02936565816]
2025-02-06,1200.0000000000011,1200.0000000000023,94164.08201280149,94164.08201280149,59450.47115758629,0.0,13459.92663188534,72910.39778947164,3180.671613086746,12197.02974255491,0.0,[87535.20909671715]
2025-02-07,1200.0000000000023,1199.9999999999998,98145.50509175,98145.50509175,63415.809352068805,0.0,0.0,63415.809352068805,0.0,61463.158758416685,0.0,[90083.48892795057]
2025-02-08,1199.9999999999998,1200.0000000000018,58328.14806312705,58328.14806312705,33452.494243139285,0.0,267.9409741616018,33720.43521730089,56.267317089498704,22637.77433958698,0.0,[36833.72805943725]
2025-02-09,1200.0000000000018,1200.0,76650.31873925685,76650.31873925685,46237.5895553077,0.0,52284.5145773539,98522.1041326616,12499.447224331849,4882.041893751754,0.0,[75600.88498012259]
2025-02-10,1200.0,1200.0000000000002,79448.31804644779,79448.31804644779,48622.23379437696,0.0,23292.736894831043,71914.970689208,5652.014937123189,6141.810304899676,0.0,[70170.98456033111]
2025-02-11,1200.0000000000002,1200.0000000000023,82423.72005544635,82423.72005544635,50992.126345492914,0.0,23818.407017407786,74810.5333629007,5401.802749669182,7845.797492248414,0.0,[72538.9581981745]
2025-02-12,1200.0000000000023,1200.0000000000016,83990.99817293212,83990.99817293212,52311.94439399909,0.0,16266.559559868176,68578.50395386727,3819.3432813563986,7825.27198762185,0.0,[71373.52868547756]
2025-02-13,1200.0000000000016,1200.0000000000005,78334.80911089809,78334.80911089809,47911.22982512404,0.0,13971.336059951085,61882.56588507513,3505.23236943936,6093.376461062258,0.0,[63486.59989990608]
2025-02-14,1200.0000000000005,1200.0000000000032,89729.99017254161,89729.99017254161,57101.470437078344,0.0,0.0,57101.470437078344,0.0,55290.05141073658,0.0,[79403.92309928882]
2025-02-15,1200.0000000000032,1199.9999999999995,80968.38454079261,80968.38454079261,49375.75280215139,0.0,0.0,49375.75280215139,0.0,46937.88415930951,0.0,[93284.95661671423]
2025-02-16,1199.9999999999995,1199.9999999999998,53872.289160572094,53872.289160572094,30253.416115179534,0.0,109155.03421830237,139408.45033348192,25725.45550117664,427.3106377255068,0.0,[33278.75772669749]
2025-02-17,1199.9999999999998,1199.9999999999986,79578.17881575256,79578.17881575256,48123.81829391753,0.0,22755.9507133419,70879.76900725943,5569.605347876358,9456.54830553324,0.0,[63444.439253078395]
2025-02-18,1199.9999999999986,1199.9999999999986,73228.51839507167,73228.51839507167,44492.91889123478,0.0,22671.84271958925,67164.76161082403,5734.671473381799,2421.8313872541567,0.0,[68334.42262229562]
2025-02-19,1199.9999999999986,1200.0000000000023,74670.80069320006,74670.80069320006,45592.157328700065,0.0,21664.202006904485,67256.35933560455,5348.291509383403,2508.2363649824924,0.0,[63718.78022599597]
2025-02-20,1200.0000000000023,1200.0,79138.51636033549,79138.51636033549,48452.036300827545,0.0,13962.116767309344,62414.15306813689,3423.6046064488273,7154.076717975688,0.0,[63651.35882900771]
2025-02-21,1200.0,1200.0000000000014,81761.02149824842,81761.02149824842,51410.49262641708,0.0,0.0,51410.49262641708,0.0,51796.49343276516,0.0,[61945.534592099546]
2025-02-22,1200.0000000000014,1200.0,77810.38615443344,77810.38615443344,47492.05063582616,0.0,67.06211332304044,47559.1127491492,31.36675085268496,45274.16476871892,0.0,[81408.00854439777]
2025-02-23,1200.0,1199.999999999999,47322.203776532406,47322.203776532406,26698.608507357996,0.0,118996.52418782975,145695.13269518776,27783.674093471785,44.97932181112503,0.0,[29429.80648718418]
2025-02-24,1199.999999999999,1200.0000000000018,68117.65985373888,68117.65985373888,41444.230295228306,0.0,33145.7659615292,74589.9962567575,8470.947012303901,3848.73226131005,0.0,[56904.79706881647]
2025-02-25,1200.0000000000018,1200.0000000000007,72499.37509054862,72499.37509054862,43830.0166937523,0.0,18748.6726215773,62578.689315329604,4483.837831564954,6692.5323977745575,0.0,[59577.521592506346]
2025-02-26,1200.0000000000007,1200.0000000000032,69762.08049456285,69762.08049456285,41833.2450862005,0.0,22812.987154604398,64646.23224080489,5533.850639865709,2287.5811466095074,0.0,[61507.187288385765]
2025-02-27,1200.0000000000032,1200.000000000005,72704.5774859675,72704.5774859675,44206.76636198696,0.0,14398.802517535958,58605.56887952292,3235.0707377491553,4522.432966269727,0.0,[67820.45830698845]
2025-02-28,1200.000000000005,1200.000000000003,80856.9647677649,80856.9647677649,50365.9141876659,0.0,0.0,50365.9141876659,0.0,53012.84892495971,0.0,[65757.81451278392]
2025-03-01,1200.000000000003,1200.000000000001,81838.21857369965,81838.21857369965,50562.84027257405,0.0,0.0,50562.84027257405,0.0,53534.66962855969,0.0,[81970.94706322746]
2025-03-02,1200.000000000001,1199.999999999999,69935.2132440591,69935.2132440591,40866.84990805669,0.0,49648.35061385609,90515.20052191278,11611.104024951372,4673.804593259681,0.0,[88211.60916762694]
2025-03-03,1199.999999999999,1200.000000000001,74486.83302262693,74486.83302262693,44875.11024460388,0.0,25369.395437992494,70244.50568259637,5937.869700217176,3965.808422388177,0.0,[54772.59380532394]
2025-03-04,1200.000000000001,1200.0000000000014,68964.7852432529,68964.7852432529,41924.16609134655,0.0,27172.832985406814,69096.99907675336,7226.313195734956,2693.8424373783737,0.0,[59615.51620943408]
2025-03-05,1200.0000000000014,1200.000000000004,75458.30803542417,75458.30803542417,45618.76104196384,0.0,14259.306585711849,59878.067627675686,3315.4434623610473,8148.354039070289,0.0,[62966.95378630471]
2025-03-06,1200.000000000004,1200.0000000000034,71857.47288848997,71857.47288848997,43380.07261773523,0.0,14337.87423074559,57717.946848480824,3422.47371423223,4804.147207243173,0.0,[66937.25992020626]
2025-03-07,1200.0000000000034,1200.000000000006,84688.96165740803,84688.96165740803,53012.746348179484,0.0,0.0,53012.746348179484,0.0,58925.16798467995,0.0,[71922.86363825494]
2025-03-08,1200.000000000006,1200.0000000000005,48038.7491800996,48038.7491800996,28230.56654521329,0.0,431.33865986037597,28661.905205073665,98.27217917565156,25758.433672938307,0.0,[31114.960328825007]
2025-03-09,1200.0000000000005,1199.9999999999973,43102.11712066653,43102.11712066653,24416.658778414552,0.0,104904.25707910728,129320.91585752183,23879.092900924625,633.1984105459828,0.0,[26991.597651551867]
2025-03-10,1199.9999999999973,1200.000000000001,65525.645271144764,65525.645271144764,38230.705293386214,0.0,37883.76828968656,76114.47358307277,8783.294828043061,1973.8233163379327,0.0,[48170.57561227642]
2025-03-11,1200.000000000001,1200.0000000000118,51471.82961086557,51471.82961086557,31808.95869599101,0.0,67069.27842220284,98878.23711819385,16603.631746126564,655.8191752524704,0.0,[34989.85456559011]
2025-03-12,1200.0000000000118,1200.0000000000023,69996.88453163375,69996.88453163375,41929.87599516014,0.0,20163.709943085876,62093.58593824602,4891.942783213927,8014.205299634009,0.0,[52333.76799637468]
2025-03-13,1200.0000000000023,1200.0,72563.86326083865,72563.86326083865,43713.27049428826,0.0,19494.413415708685,63207.68390999695,4588.071279487596,5180.712206730636,0.0,[61888.081401026204]
2025-03-14,1200.0,1200.0000000000036,73435.17696139232,73435.17696139232,45270.03585125737,0.0,0.0,45270.03585125737,0.0,52908.328820819326,0.0,[63646.90415654935]
2025-03-15,1200.0000000000036,1200.0000000000023,70992.30568842526,70992.30568842526,42394.04633236918,0.0,50.86752020035387,42444.91385256953,23.79210486452473,45759.53808087963,0.0,[87935.84154918109]
2025-03-16,1200.0000000000023,1200.0000000000027,60245.60246093519,60245.60246093519,34595.439137741414,0.0,47676.230474600234,82271.66961234165,11730.250037591875,4254.805565193737,0.0,[80244.45716004728]
2025-03-17,1200.0000000000027,1200.0,59828.49985929633,59828.49985929633,35053.65688400572,0.0,28205.052104318744,63258.70898832446,6558.666483301175,4824.426377688411,0.0,[52187.184126226704]
2025-03-18,1200.0,1200.000000000001,70120.84722387529,70120.84722387529,41828.554993054,0.0,15901.210255414768,57729.76524846877,3958.2966505793975,8574.48107992017,0.0,[52128.21028191098]
2025-03-19,1200.000000000001,1199.9999999999982,55523.79406737091,55523.79406737091,33536.25367301082,0.0,37032.10434420072,70568.35801721155,9419.992105795522,1395.4727260649174,0.0,[45860.88399307138]
2025-03-20,1199.9999999999982,1199.999999999999,68513.70758504872,68513.70758504872,41106.659701707984,0.0,24651.25146708788,65757.91116879586,5674.407596900651,7493.890980031959,0.0,[58854.879491957516]
2025-03-21,1199.999999999999,1200.0000000000018,74558.50722532587,74558.50722532587,45446.17052280893,0.0,0.0,45446.17052280893,0.0,57860.81332538462,0.0,[63794.27143239893]
2025-03-22,1200.0000000000018,1200.0000000000034,61833.97171586179,61833.97171586179,36107.778356686904,0.0,13.225159394352296,36121.003516081255,6.185762111483768,41709.15118463627,0.0,[59458.842317241404]
2025-03-23,1200.0000000000034,1200.000000000001,54487.32998917628,54487.32998917628,30742.07023542853,0.0,49190.5276190564,79932.59785448493,12029.71717876889,3585.2066186044954,0.0,[52607.68923696069]
2025-03-24,1200.000000000001,1199.9999999999995,61906.77785943664,61906.77785943664,36248.116830254876,0.0,21125.087677641117,57373.20450789599,5225.52105167341,4857.057587246386,0.0,[55693.6726349192]
2025-03-25,1199.9999999999995,1200.0000000000005,71469.4925254998,71469.4925254998,42695.02297788294,0.0,16602.348500402317,59297.371478285255,4156.469309253758,10190.31688465472,0.0,[62695.28284813777]
2025-03-26,1200.0000000000005,1200.0000000000036,62969.8232580524,62969.8232580524,37683.143204132546,0.0,18826.058427747437,56509.20163187999,4481.669879951834,7453.103089955069,0.0,[57001.11609586682]
2025-03-27,1200.0000000000036,1200.0,69116.30439356502,69116.30439356502,41547.580017606175,0.0,10506.790534316453,52054.37055192263,2758.462285202447,8909.586139612791,0.0,[62289.662048711085]
2025-03-28,1200.0,1200.0000000000005,75075.79109063474,75075.79109063474,46606.730693915015,0.0,0.0,46606.730693915015,0.0,59967.572217401495,0.0,[67766.48452187603]
2025-03-29,1200.0000000000005,1200.0000000000002,52063.85241804122,52063.85241804122,30627.697188037222,0.0,0.0,30627.697188037222,0.0,40303.30990137455,0.0,[53345.98213381006]
2025-03-30,1200.0000000000002,1200.0000000000005,56373.767621082116,56373.767621082116,31729.844548551246,0.0,44569.25033405923,76299.09488261047,10971.373741313444,7887.128632507598,0.0,[80351.97562910618]
2025-03-31,1200.0000000000005,1199.999999999993,52839.01692046718,52839.01692046718,31665.27566879464,0.0,34880.56015630495,66545.83582509958,8386.353699805804,594.7794277475526,0.0,[50551.662395960964]
2025-04-01,1199.999999999993,1199.9999999999995,69668.38835103644,69668.38835103644,40803.03456038465,0.0,17317.949908508504,58120.984468893155,4405.3269088635225,9629.303913299882,0.0,[62555.348307083295]
2025-04-02,1199.9999999999995,1200.0,68153.60276763339,68153.60276763339,40994.69700657384,0.0,14570.63711656697,55565.33412314081,3686.0182450722973,7155.022913619778,0.0,[54293.71367390673]
2025-04-03,1200.0,1200.0000000000027,70718.1395378199,70718.1395378199,42921.38163316311,0.0,10368.065766163285,53289.4473993264,2709.2549196935333,13065.932329237181,0.0,[60407.52566049934]
2025-04-04,1200.0000000000027,1200.000000000005,66391.82622276593,66391.82622276593,40512.40116560245,0.0,0.0,40512.40116560245,0.0,55820.84614473196,0.0,[49864.643534103634]
2025-04-05,1200.000000000005,1199.9999999999995,55539.23471146921,55539.23471146921,32221.866253307802,0.0,0.0,32221.866253307802,0.0,39430.56382620386,0.0,[65582.85409098287]
2025-04-06,1199.9999999999995,1200.0000000000007,53688.771317699066,53688.771317699066,29756.323478223705,0.0,41635.97850014383,71392.30197836753,10183.633721339127,5408.995439038186,0.0,[64574.73609882403]
2025-04-07,1200.0000000000007,1200.0000000000005,54412.92091082843,54412.92091082843,31782.764881735544,0.0,24480.324651498853,56263.08953323439,6277.522400469947,3485.412279505634,0.0,[47524.73827529722]
2025-04-08,1200.0000000000005,1200.0000000000032,62175.404132366166,62175.404132366166,36593.34287355888,0.0,19353.4744085924,55946.817282151285,4657.980513682336,8194.2751794926,0.0,[49117.98431043749]
2025-04-09,1200.0000000000032,1199.9999999999995,65219.95026328601,65219.95026328601,38508.25012132281,0.0,13679.31525866392,52187.56537998673,3691.5793917768397,5377.103597729509,0.0,[51071.80971716101]
2025-04-10,1199.9999999999995,1199.9999999999995,66786.5555776921,66786.5555776921,40348.70961032978,0.0,10309.387388561103,50658.096998890884,2579.5848020327758,10638.724769280527,0.0,[54152.751770337185]
2025-04-11,1199.9999999999995,1200.0000000000045,50799.507153041784,50799.507153041784,31973.102609686535,0.0,0.0,31973.102609686535,0.0,42421.131330289805,0.0,[35170.412870655186]
2025-04-12,1200.0000000000045,1200.0000000000014,59091.80222601504,59091.80222601504,34187.5543148719,0.0,34.07779525462021,34221.63211012652,15.939099744911232,45834.9065629229,0.0,[55417.742620164674]
2025-04-13,1200.0000000000014,1200.0000000000018,35246.40794847264,35246.40794847264,20251.36631708104,0.0,100032.61931437318,120283.98563145421,23854.452750773427,2189.030343418959,0.0,[22355.974563383876]
2025-04-14,1200.0000000000018,1199.9999999999995,60258.040079465514,60258.040079465514,35610.18611759879,0.0,20881.323818869714,56491.5099364685,5360.377896399144,8801.844384384996,0.0,[45132.375272608086]
2025-04-15,1199.9999999999995,1200.000000000004,53853.43689350253,53853.43689350253,31686.812059494463,0.0,15490.75894323797,47177.57100273243,3700.4609155397693,3535.6936059945824,0.0,[44666.05474960282]
2025-04-16,1200.000000000004,1199.9999999999995,61745.61148833313,61745.61148833313,36061.36589930245,0.0,13566.255205059007,49627.62110436146,3705.3961879561875,5522.9525314416,0.0,[45502.524884014325]
2025-04-17,1199.9999999999995,1200.0000000000032,56760.96269764949,56760.96269764949,34321.126136415274,0.0,20862.446447665687,55183.57258408096,5221.562433450064,5219.9038450103135,0.0,[43569.10449044179]
2025-04-18,1200.0000000000032,1200.0000000000023,65905.54599104353,65905.54599104353,39897.42584942999,0.0,0.0,39897.42584942999,0.0,55449.44384286129,0.0,[49723.721691980165]
2025-04-19,1200.0000000000023,1200.000000000003,58255.10204792535,58255.10204792535,34196.746421121454,0.0,46.42161388115687,34243.16803500261,21.712635117472814,47280.46876637616,0.0,[67252.99288173056]
2025-04-20,1200.000000000003,1199.9999999999977,43984.62136478695,43984.62136478695,25028.54761722056,0.0,56520.94013049724,81549.4877477178,14501.056051475724,2720.155264635556,0.0,[56947.87769879624]
2025-04-21,1199.9999999999977,1199.999999999999,56477.58650547615,56477.58650547615,33276.41712003399,0.0,21960.777829835628,55237.19494986962,5768.918494819227,9963.889204250265,0.0,[42412.02869639866]
2025-04-22,1199.999999999999,1200.0000000000007,51021.46012888431,51021.46012888431,30001.156807509702,0.0,29275.822334555156,59276.979142064854,8445.52394805678,3260.721426941093,0.0,[42144.11826844458]
2025-04-23,1200.0000000000007,1200.0,51610.21292330141,51610.21292330141,30804.759203627353,0.0,21047.738714745916,51852.497918373265,5933.079738557166,2380.0134609879087,0.0,[43696.852318178564]
2025-04-24,1200.0,1200.0000000000005,53099.04393703127,53099.04393703127,31739.549283423952,0.0,12604.45054078049,44343.99982420444,3488.8975751500648,5561.483472086022,0.0,[43627.003102356415]
2025-04-25,1200.0000000000005,1200.0000000000014,61773.994639671306,61773.994639671306,37741.4917430913,0.0,0.0,37741.4917430913,0.0,55696.69284970621,0.0,[51327.258111588904]
2025-04-26,1200.0000000000014,1200.000000000001,45339.60420359178,45339.60420359178,26774.5055337223,0.0,0.0,26774.5055337223,0.0,41786.73146048189,0.0,[45738.870945157774]
2025-04-27,1200.000000000001,1200.0000000000082,41921.27913120495,41921.27913120495,23865.92172771002,0.0,51815.99876679208,75681.9204945021,12819.682775205501,2648.635720197036,0.0,[54848.09620308933]
2025-04-28,1200.0000000000082,1200.0,52873.8026389848,52873.8026389848,30843.39992839573,0.0,33833.70249397631,64677.10242237204,8485.083184641808,1154.2035298620685,0.0,[39132.48145001067]
2025-04-29,1200.0,1199.9999999999984,49288.35801501822,49288.35801501822,29249.800356171865,0.0,21719.57362438216,50969.373980554024,5403.449058750255,3979.631710614101,0.0,[41049.55204741567]
2025-04-30,1199.9999999999984,1200.0000000000018,46973.141048090816,46973.141048090816,28695.874827604715,0.0,28294.580128754602,56990.45495635932,8236.818323111418,3731.9292493188404,0.0,[36770.20383914055]
2025-05-01,1200.0000000000018,1199.9999999999995,53125.42829820598,53125.42829820598,31864.989961098294,0.0,30102.71213932393,61967.70210042222,6898.697136216188,5373.106520552437,0.0,[44353.5542299714]
2025-05-02,1199.9999999999995,1200.0000000000018,75377.11822988045,75377.11822988045,46007.38415993667,0.0,0.0,46007.38415993667,0.0,56549.55794344303,0.0,[61693.78297154012]
2025-05-03,1200.0000000000018,1200.0000000000034,57567.619022462604,57567.619022462604,32690.42272583585,0.0,27.88751183811878,32718.31023767397,13.043737997249195,44740.3636944134,0.0,[64111.49517037303]
2025-05-04,1200.0000000000034,1199.9999999999986,47560.95662297636,47560.95662297636,27144.55855570166,0.0,49380.3429943273,76524.90155002897,12228.242275271703,4488.039752756016,0.0,[58175.06941054136]
2025-05-05,1199.9999999999986,1200.0000000000016,54253.53530991029,54253.53530991029,32711.809543708478,0.0,30541.145921062645,63252.95546477112,7953.17239613365,3140.5324858006034,0.0,[41283.35393406955]
2025-05-06,1200.0000000000016,1199.9999999999975,48007.69517359382,48007.69517359382,29760.016880752504,0.0,41035.35887996556,70795.37576071807,9988.098920446704,1917.1409314304042,0.0,[38034.43651176383]
2025-05-07,1199.9999999999975,1200.0,56817.67770791099,56817.67770791099,35018.39645603858,0.0,20932.585506114352,55950.98196215293,5491.373934292656,3309.637856094528,0.0,[48309.61820695977]
2025-05-08,1200.0,1200.0000000000025,65773.72131834709,65773.72131834709,38664.28767926131,0.0,12415.751511645947,51080.03919090726,2957.099698735085,8796.532617282937,0.0,[50126.49350362916]
2025-05-09,1200.0000000000025,1200.0000000000011,77111.30644163654,77111.30644163654,47134.72987398754,0.0,0.0,47134.72987398754,0.0,64293.27099886857,0.0,[59443.979917828]
2025-05-10,1200.0000000000011,1199.9999999999986,60745.09517603958,60745.09517603958,35570.61787265845,0.0,0.0,35570.61787265845,0.0,44570.716559372915,0.0,[66073.47500475773]
2025-05-11,1199.9999999999986,1200.0000000000025,49643.81706948767,49643.81706948767,28399.13342966757,0.0,48160.49516184897,76559.62859151655,12298.403368056013,2680.821549909013,0.0,[56630.17538406537]
2025-05-12,1200.0000000000025,1200.0000000000032,49982.9399138665,49982.9399138665,30190.711043285664,0.0,26739.815107882318,56930.526151167986,6790.741728685181,1628.6412209481614,0.0,[40805.55920405594]
2025-05-13,1200.0000000000032,1200.0000000000039,64057.28123115792,64057.28123115792,37840.80272708156,0.0,14778.681449251342,52619.4841763329,3594.2925221534992,10447.543373953342,0.0,[52979.01351261052]
2025-05-14,1200.0000000000039,1199.9999999999995,61665.07357419498,61665.07357419498,37120.32696608856,0.0,14034.339180000938,51154.6661460895,3570.0818042539686,8226.221796922071,0.0,[48965.97078606017]
2025-05-15,1199.9999999999995,1200.0000000000002,61748.17199522849,61748.17199522849,37691.45926602614,0.0,8198.16651693396,45889.6257829601,2424.1607254404394,7409.218626114005,0.0,[50996.425239423894]
2025-05-16,1200.0000000000002,1199.9999999999989,66533.3945790965,66533.3945790965,40753.4585692223,0.0,0.0,40753.4585692223,0.0,59877.69054704329,0.0,[52848.15473246666]
2025-05-17,1199.9999999999989,1200.0000000000007,64466.710837547434,64466.710837547434,37902.4987113579,0.0,17.3480278260173,37919.846739183915,8.114138365770486,49878.43632678515,0.0,[80767.4625613834]
2025-05-18,1200.0000000000007,1200.0000000000023,55762.523946172994,55762.523946172994,31781.462204542055,0.0,33380.319086386815,65161.78129092887,8830.262504764034,7067.348510529032,0.0,[74804.17030435723]
2025-05-19,1200.0000000000023,1199.9999999999998,54611.73361783133,54611.73361783133,32138.40108266409,0.0,17034.069428213166,49172.47051087726,4222.966060173562,7610.527165106612,0.0,[43372.95939613917]
2025-05-20,1199.9999999999998,1200.0000000000005,56238.46455060315,56238.46455060315,33301.7880162521,0.0,21967.354616656587,55269.14263290869,5518.734346955189,3646.0542122507704,0.0,[44653.43552275821]
2025-05-21,1200.0000000000005,1200.0000000000032,55482.35976202609,55482.35976202609,33703.03864072345,0.0,16498.23610007241,50201.27474079585,4141.671753393248,4978.288956628245,0.0,[52771.195142260454]
2025-05-22,1200.0000000000032,1200.0000000000002,59400.73416017004,59400.73416017004,35913.03512664164,0.0,6832.133843836878,42745.16897047852,1953.4024895590978,6698.65983318922,0.0,[54151.06564799276]
2025-05-23,1200.0000000000002,1200.0000000000016,72096.8243161893,72096.8243161893,43711.27581788991,0.0,0.0,43711.27581788991,0.0,61432.54209952265,0.0,[62730.22099297737]
2025-05-24,1200.0000000000016,1199.9999999999986,52408.911752897635,52408.911752897635,31512.02136838473,0.0,0.0,31512.02136838473,0.0,44956.445818181426,0.0,[63067.95791890118]
2025-05-25,1199.9999999999986,1200.0000000000023,46622.297251708645,46622.297251708645,27034.11377614839,0.0,39797.45709439687,66831.57087054526,9823.258251237392,4413.650333783877,0.0,[55242.8805698616]
2025-05-26,1200.0000000000023,1200.0000000000018,52222.1602828193,52222.1602828193,31424.76359983938,0.0,27889.294214582456,59314.05781442184,7774.180809008575,1962.3423042306804,0.0,[45939.92785399327]
2025-05-27,1200.0000000000018,1199.9999999999986,51989.13471013776,51989.13471013776,31468.187861889626,0.0,18937.379122912185,50405.566984801815,4755.998839365531,4117.667871099445,0.0,[49465.52805183551]
2025-05-28,1199.9999999999986,1200.0000000000023,62088.9168000392,62088.9168000392,36815.52301972246,0.0,12962.358240346442,49777.8812600689,3760.666480588307,9522.425847294173,0.0,[55378.39135207743]
2025-05-29,1200.0000000000023,1200.0000000000036,62568.19868041927,62568.19868041927,37476.19872680791,0.0,13482.39726360383,50958.59599041174,3456.957944180109,7861.699791266057,0.0,[52631.94544998999]
2025-05-30,1200.0000000000036,1200.0000000000039,74823.13390107633,74823.13390107633,46126.78963513802,0.0,0.0,46126.78963513802,0.0,63923.63388176186,0.0,[62147.5954491531]
2025-05-31,1200.0000000000039,1200.0,62326.07993465662,62326.07993465662,37157.25695456799,0.0,362.2014666969236,37519.45842126491,168.88265735708262,49872.0663286436,0.0,[68842.54506185178]
2025-06-01,1200.0,1200.0,64078.88787314556,64078.88787314556,36624.49357150812,0.0,61978.4873382619,98602.98090977002,15486.043172693771,4150.583872031864,0.0,[69108.62688876223]
2025-06-02,1200.0,1200.0,74512.34242401336,74512.34242401336,44910.644761335134,0.0,41981.681050178,86892.32581151313,10806.581582683473,12182.461190061475,0.0,[60896.7692149198]
2025-06-03,1200.0,1200.0000000000005,72343.40283877123,72343.40283877123,44092.68908722517,0.0,33105.163344580214,77197.85243180538,8289.44300779904,7979.656733024425,0.0,[56714.58371305177]
2025-06-04,1200.0000000000005,1200.0000000000027,86164.57008150994,86164.57008150994,53798.05246653702,0.0,18251.87584506855,72049.92831160556,5248.837076186014,17049.81300769595,0.0,[68669.84025957917]
2025-06-05,1200.0000000000027,1200.0000000000002,78459.71987249661,78459.71987249661,48257.19499930389,0.0,17631.301341544808,65888.4963408487,4681.057465479128,7535.2204437903765,0.0,[62621.68846789064]
2025-06-06,1200.0000000000002,1200.0000000000002,95224.4364430483,95224.4364430483,61560.47447901362,0.0,0.0,61560.47447901362,0.0,59590.75904344572,0.0,[77157.17568300758]
2025-06-07,1200.0000000000002,1200.0000000000016,82052.62579463096,82052.62579463096,50620.48348567811,0.0,217.42123743563045,50837.90472311374,102.22529055902135,46310.004585189985,0.0,[96123.62279786068]
2025-06-08,1200.0000000000016,1200.000000000003,61476.28796478537,61476.28796478537,35992.04291005863,0.0,52774.214797352695,88766.25770741134,13163.376903101054,5433.961553666191,0.0,[68321.66867333336]
2025-06-09,1200.000000000003,1200.0000000000007,81156.503659391,81156.503659391,50584.67570402671,0.0,15333.606492317453,65918.28219634417,3846.425006142087,9637.519583589949,0.0,[65171.40810618797]
2025-06-10,1200.0000000000007,1200.000000000001,77248.47238537247,77248.47238537247,47672.58859210223,0.0,13661.199990169429,61333.788582271656,3670.4706260457892,5024.050840647641,0.0,[61824.97975352001]
2025-06-11,1200.000000000001,1200.0000000000032,82528.69594678513,82528.69594678513,51890.93596137652,0.0,14342.876458525687,66233.81241990221,3765.8657172239327,5566.4827653198645,0.0,[61444.86513299898]
2025-06-12,1200.0000000000032,1200.0000000000002,82812.58487200527,82812.58487200527,51703.30758102553,0.0,7848.469460201703,59551.77704122724,2044.9622927464866,7875.23482757792,0.0,[62631.831277386875]
2025-06-13,1200.0000000000002,1200.0000000000002,91680.88200924662,91680.88200924662,59053.14221429386,0.0,0.0,59053.14221429386,0.0,58527.34028035914,0.0,[70699.4233608963]
2025-06-14,1200.0000000000002,1200.000000000003,80834.62180035809,80834.62180035809,49609.202774500045,0.0,60.87424818854946,49670.077022688594,28.70749737729284,50109.986547735396,0.0,[84832.11030853364]
2025-06-15,1200.000000000003,1200.0000000000027,66081.93189065481,66081.93189065481,39536.09255109605,0.0,45196.12547224451,84732.21802334057,11657.2392373525,2775.385141483681,0.0,[73320.93491739217]
2025-06-16,1200.0000000000027,1200.0000000000036,77474.55011801295,77474.55011801295,47551.84759674073,0.0,24845.094935154855,72396.94253189559,5879.372620364611,6173.270332221572,0.0,[64667.362937238744]
2025-06-17,1200.0000000000036,1200.0000000000007,78952.19734625785,78952.19734625785,48929.61624416402,0.0,24628.126163410147,73557.74240757417,5856.199278768423,5820.013599172699,0.0,[63207.63753042586]
2025-06-18,1200.0000000000007,1200.0000000000039,82951.26192244428,82951.26192244428,51513.89954911147,0.0,8930.020419655917,60443.91996876738,2439.5971080695263,9960.57399837932,0.0,[69560.9111968666]
2025-06-19,1200.0000000000039,1199.9999999999993,79889.0849524848,79889.0849524848,49707.00958433376,0.0,9926.516718165753,59633.526302499515,2474.808607346842,9701.209955327444,0.0,[67593.93182158777]
2025-06-20,1199.9999999999993,1200.0000000000002,90434.56997597127,90434.56997597127,57639.45726569645,0.0,0.0,57639.45726569645,0.0,63473.989125971275,0.0,[72959.65655480066]
2025-06-21,1200.0000000000002,1199.9999999999989,67926.17155488906,67926.17155488906,41752.79555445851,0.0,0.0,41752.79555445851,0.0,44458.92406229845,0.0,[72741.30922015087]
2025-06-22,1199.9999999999989,1200.0,63597.00090874614,63597.00090874614,37414.598935131675,0.0,42100.89006765738,79515.48900278905,10451.18845077936,2696.050050228414,0.0,[79328.1580146288]
2025-06-23,1200.0,1200.000000000001,73502.55633216715,73502.55633216715,45656.66979777791,0.0,16971.768139752952,62628.43793753086,4462.874120622495,6497.185018116609,0.0,[64618.3309330914]
2025-06-24,1200.000000000001,1200.0000000000023,86054.27178077816,86054.27178077816,54303.98588820548,0.0,13244.69695156834,67548.68283977383,3597.2363956751497,8669.733152730765,0.0,[74106.7474613018]
2025-06-25,1200.0000000000023,1200.0000000000007,78927.45606467113,78927.45606467113,49252.32036787016,0.0,14954.637139701768,64206.95750757193,3859.871908962383,7976.90408551222,0.0,[67421.6005505583]
2025-06-26,1200.0000000000007,1200.0000000000025,76609.05626739748,76609.05626739748,48149.39798084812,0.0,14899.928528962464,63049.32650981059,3603.396334905997,8388.427971406958,0.0,[65371.61791927547]
2025-06-27,1200.0000000000025,1200.0000000000039,88164.23914266979,88164.23914266979,56677.52534744562,0.0,0.0,56677.52534744562,0.0,63538.19397657887,0.0,[72359.39724597549]
2025-06-28,1200.0000000000039,1200.0000000000023,69863.70034995573,69863.70034995573,43075.16391888242,0.0,107.37732190857727,43182.541240791,50.22325627155158,43778.574032892066,0.0,[74042.65643582978]
2025-06-29,1200.0000000000023,1199.9999999999995,55190.01601747953,55190.01601747953,32951.93158682968,0.0,75787.57820200112,108739.50978883081,19355.953757329607,1224.867908142476,0.0,[51068.16826203688]
2025-06-30,1199.9999999999995,1200.0000000000005,76075.52837058135,76075.52837058135,46612.154249738924,0.0,16501.623802859234,63113.77805259816,4344.7048861118765,6043.7021408706205,0.0,[61314.450692056016]
2025-07-01,1200.0000000000005,1199.9999999999982,67155.55270790702,67155.55270790702,40996.47882377411,0.0,64856.022878313786,105852.5017020879,17821.18766945507,2048.757282226258,0.0,[53743.80830582938]
2025-07-02,1199.9999999999982,1200.000000000002,71258.03915411336,71258.03915411336,44111.07521843398,0.0,33995.48483237746,78106.56005081144,9680.198171858501,3847.005204913563,0.0,[61727.09277837032]
2025-07-03,1200.000000000002,1200.0000000000002,85046.07581927933,85046.07581927933,53483.767207502504,0.0,23346.304496360204,76830.0717038627,6545.157742780471,7160.219766841501,0.0,[72045.36226484708]
2025-07-04,1200.0000000000002,1200.0000000000002,88323.23337141628,88323.23337141628,56634.48401026277,0.0,0.0,56634.48401026277,0.0,54769.16293631862,0.0,[76313.19294439412]
2025-07-05,1200.0000000000002,1200.0,61986.59932814674,61986.59932814674,37721.839357783494,0.0,2885.047536465916,40606.88689424941,1336.695486705797,30264.76424834677,0.0,[67997.88078113386]
2025-07-06,1200.0,1200.0000000000023,61428.79173321559,61428.79173321559,37279.054964166986,0.0,88516.22438550604,125795.27934967302,22153.008432930626,113.40051067175636,0.0,[66415.31931375267]
2025-07-07,1200.0000000000023,1200.0000000000002,81622.97057358715,81622.97057358715,50736.54943175391,0.0,16995.567850436702,67732.11728219062,4413.006979048154,8182.399615813144,0.0,[68826.88676985088]
2025-07-08,1200.0000000000002,1200.0000000000002,87742.22998530447,87742.22998530447,55518.227346985084,0.0,11419.241955908987,66937.46930289407,2921.277779406792,10609.120254386762,0.0,[78945.71223195549]
2025-07-09,1200.0000000000002,1200.0000000000002,87284.01811238495,87284.01811238495,54807.85780978874,0.0,8738.175657291838,63546.033467080575,2287.5755790945204,11067.730569815712,0.0,[72104.88052761067]
2025-07-10,1200.0000000000002,1200.000000000002,80943.0375881313,80943.0375881313,50572.420810570475,0.0,13670.994662478672,64243.41547304914,3339.8845725623987,7124.224010582723,0.0,[63059.77755691101]
2025-07-11,1200.000000000002,1200.0000000000002,97271.203905245,97271.203905245,62512.31273910036,0.0,0.0,62512.31273910036,0.0,60336.1718561332,0.0,[76323.5827692598]
2025-07-12,1200.0000000000002,1200.0000000000002,72428.45868382047,72428.45868382047,45011.93228331179,0.0,52.50720499439994,45064.43948830619,24.77435323382599,36992.01364055456,0.0,[84386.5147879086]
2025-07-13,1200.0000000000002,1200.000000000005,73669.24019633612,73669.24019633612,45814.43344094576,0.0,42069.88841831489,87884.32185926064,10526.900081962935,10253.70857884687,0.0,[87915.1799519725]
2025-07-14,1200.000000000005,1200.0000000000002,77599.45897203556,77599.45897203556,47976.19591287141,0.0,19697.141451516763,67673.33736438816,4815.469577343258,6519.418460385075,0.0,[61686.0620134343]
2025-07-15,1200.0000000000002,1200.000000000002,83076.69019556417,83076.69019556417,51637.576665392626,0.0,11219.177484435442,62856.75414982807,2937.8403877849796,9048.0876788363,0.0,[69823.87391020785]
2025-07-16,1200.000000000002,1200.000000000002,87323.30538332881,87323.30538332881,55525.936326074356,0.0,8927.520404452003,64453.45673052636,2561.81514804163,13236.876623861554,0.0,[84956.51573031355]
2025-07-17,1200.000000000002,1200.0000000000002,79659.87940013541,79659.87940013541,49941.830638291285,0.0,13973.524709152498,63915.35534744378,3558.593436609588,6368.07966080072,0.0,[66067.21840056994]
2025-07-18,1200.0000000000002,1200.0000000000002,98941.35866245601,98941.35866245601,63849.198777793135,0.0,0.0,63849.198777793135,0.0,62783.92795487314,0.0,[81365.32335402197]
2025-07-19,1200.0000000000002,1200.0000000000002,88658.58237398307,88658.58237398307,56129.14710300845,0.0,85.16090583268007,56214.30800884113,39.832042017156255,56797.2620326669,0.0,[99435.46170870205]
2025-07-20,1200.0000000000002,1200.0000000000002,76888.17918440152,76888.17918440152,46611.19040862482,0.0,30901.428112628015,77512.61852125284,7811.50361635756,8297.477931480254,0.0,[76917.10333735477]
2025-07-21,1200.0000000000002,1200.0000000000002,73883.2745715093,73883.2745715093,46679.88231989981,0.0,34446.821889159604,81126.70420905942,7920.187095455697,3846.6924963821552,0.0,[54822.97399077864]
2025-07-22,1200.0000000000002,1200.0000000000002,71266.0818826528,71266.0818826528,45528.13184518405,0.0,34246.11940338444,79774.25124856849,8856.185488818097,2668.525846230342,0.0,[53563.45990744374]
2025-07-23,1200.0000000000002,1200.0000000000039,83681.9272561474,83681.9272561474,52840.106211130485,0.0,13712.221368412673,66552.32757954315,3490.954053769868,8340.099346392106,0.0,[61619.79166649149]
2025-07-24,1200.0000000000039,1200.0000000000002,87979.53765554086,87979.53765554086,55830.661906046305,0.0,7473.975650626701,63304.637556673006,2201.040828563914,11994.473641499902,0.0,[69271.96583414936]
2025-07-25,1200.0000000000002,1200.0000000000002,87818.72113952952,87818.72113952952,55949.81527576525,0.0,0.0,55949.81527576525,0.0,56848.26394992705,0.0,[76941.45425602818]
2025-07-26,1200.0000000000002,1200.0000000000002,82981.25080004569,82981.25080004569,51667.89336636207,0.0,0.0,51667.89336636207,0.0,49778.50161086673,0.0,[71784.47044189236]
2025-07-27,1200.0000000000002,1200.0000000000018,70333.81988351986,70333.81988351986,42844.97452948585,0.0,43060.8908752513,85905.86540473715,10788.177815643565,3206.4789710587847,0.0,[62455.93473080419]
2025-07-28,1200.0000000000018,1200.000000000002,77738.71293582492,77738.71293582492,48395.205815129455,0.0,31708.46475297169,80103.67056810114,7427.504086994656,3032.555457397085,0.0,[61036.83486092681]
2025-07-29,1200.000000000002,1200.0000000000002,76180.3988521804,76180.3988521804,47841.33141956251,0.0,29226.020067522702,77067.35148708522,7261.765623913361,3377.1341576855075,0.0,[60401.36513850624]
2025-07-30,1200.0000000000002,1200.000000000002,70663.20662055741,70663.20662055741,44873.72986574391,0.0,32881.842850251036,77755.57271599495,8762.053545764029,1352.1620670168284,0.0,[57163.211316602705]
2025-07-31,1200.000000000002,1199.9999999999984,76527.1238786638,76527.1238786638,48127.12346911455,0.0,21786.54220698269,69913.66567609724,5144.822288987443,2952.2988221223873,0.0,[60736.22771268236]
2025-08-01,1199.9999999999984,1200.0000000000002,82636.4796322233,82636.4796322233,53444.34838441228,0.0,0.0,53444.34838441228,0.0,57280.73373554493,0.0,[66253.88614743963]
2025-08-02,1200.0000000000002,1200.0000000000039,87616.55979326888,87616.55979326888,55112.75709351133,0.0,74.0889826513184,55186.84607616265,34.65340629154275,62039.68255014342,0.0,[98388.37333571563]
2025-08-03,1200.0000000000039,1199.9999999999982,57657.54224800216,57657.54224800216,36308.50272851705,0.0,47616.602687524995,83925.10541604205,12046.38030373301,3313.8645351143114,0.0,[54368.513707780075]
2025-08-04,1199.9999999999982,1200.0000000000002,64948.84370987254,64948.84370987254,42556.02594619507,0.0,34216.83697210007,76772.86291829514,8373.385482882677,4409.991950063526,0.0,[54326.941553011384]
2025-08-05,1200.0000000000002,1200.000000000002,66576.56732015955,66576.56732015955,42990.910526124666,0.0,27722.92236088181,70713.83288700647,6969.534457521002,4781.665214480535,0.0,[55104.80983824294]
2025-08-06,1200.000000000002,1200.0000000000002,79342.87734246116,79342.87734246116,51017.837242674854,0.0,14212.915616929924,65230.75285960478,3553.004011855597,10670.891852582943,0.0,[67419.87809050204]
2025-08-07,1200.0000000000002,1200.0000000000002,83177.02131200324,83177.02131200324,51756.12661523103,0.0,9782.790422169124,61538.917037400155,2621.683545969685,17938.680196456015,0.0,[68129.27121383203]
2025-08-08,1200.0000000000002,1200.000000000002,78262.48359325578,78262.48359325578,49934.25768145587,0.0,0.0,49934.25768145587,0.0,58405.034898516904,0.0,[64788.21426226251]
2025-08-09,1200.000000000002,1200.000000000003,72852.07297941891,72852.07297941891,44928.97897767474,0.0,0.0,44928.97897767474,0.0,49947.111948126214,0.0,[66112.95534047035]
2025-08-10,1200.000000000003,1200.0000000000014,63149.23270281039,63149.23270281039,38938.835167458186,0.0,43547.86877195764,82486.70393941583,10613.94356033122,4790.391678149601,0.0,[59489.264613824635]
2025-08-11,1200.0000000000014,1200.000000000002,69348.89080134558,69348.89080134558,43029.51480200676,0.0,20669.12789290202,63698.642694908776,5233.671486938154,6194.832408071998,0.0,[59878.68765698212]
2025-08-12,1200.000000000002,1200.0000000000002,78653.61213611517,78653.61213611517,48594.11673124574,0.0,14391.429301540367,62985.54603278611,3554.1638633090115,10362.005077643644,0.0,[67268.07428272939]
2025-08-13,1200.0000000000002,1199.9999999999984,69302.19750190951,69302.19750190951,43778.12880710221,0.0,18182.83042423756,61960.95923133977,4460.979949053117,3771.397784273663,0.0,[59785.543610442495]
2025-08-14,1199.9999999999984,1200.0000000000002,72572.81951917437,72572.81951917437,46540.795067435174,0.0,21117.938138806683,67658.73320624186,4827.609903534866,7233.362373912181,0.0,[62938.87544337705]
2025-08-15,1200.0000000000002,1200.0000000000002,91038.49344336988,91038.49344336988,58576.963717815524,0.0,0.0,58576.963717815524,0.0,69172.59750136336,0.0,[76101.428177361]
2025-08-16,1200.0000000000002,1200.0000000000011,78337.28122231473,78337.28122231473,48827.662117518164,0.0,0.0,48827.662117518164,0.0,57094.734982866445,0.0,[70780.99324368342]
2025-08-17,1200.0000000000011,1200.0000000000027,65441.84259360118,65441.84259360118,39447.52039328031,0.0,39218.84913743187,78666.36953071218,9688.95011141651,8018.251821214082,0.0,[73270.51694019263]
2025-08-18,1200.0000000000027,1200.0000000000002,66179.32842547161,66179.32842547161,42553.5705963285,0.0,26225.835468280668,68779.40606460917,6287.461485900845,4302.303194994336,0.0,[53514.508937311366]
2025-08-19,1200.0000000000002,1200.0000000000039,68225.28754746656,68225.28754746656,43208.83990932811,0.0,19257.919740120084,62466.7596494482,5052.77486430512,5049.747166897545,0.0,[53126.053942739796]
2025-08-20,1200.0000000000039,1200.000000000002,66577.19944035269,66577.19944035269,42185.99874871883,0.0,44154.667143676525,86340.66589239535,10152.789761509859,2594.46607124729,0.0,[46404.59862359071]
2025-08-21,1200.000000000002,1200.0000000000002,63709.84383237988,63709.84383237988,41188.34918040015,0.0,31422.534058022848,72610.883238423,7570.501716538095,2312.733086844582,0.0,[45307.184098440164]
2025-08-22,1200.0000000000002,1200.0000000000002,81111.53439419877,81111.53439419877,52160.53497042624,0.0,0.0,52160.53497042624,0.0,55977.161408025175,0.0,[66357.27213250214]
2025-08-23,1200.0000000000002,1200.0,72699.87143173319,72699.87143173319,45287.133174459894,0.0,0.0,45287.133174459894,0.0,45851.90331093558,0.0,[90576.21975502944]
2025-08-24,1200.0,1200.0000000000011,58424.09186437341,58424.09186437341,36647.573702471025,0.0,49066.625255647334,85714.19895811836,12294.339174802308,3206.490758482255,0.0,[70321.56079413113]
2025-08-25,1200.0000000000011,1200.0000000000002,88283.53095581493,88283.53095581493,55065.188039350105,0.0,13253.843401510825,68319.03144086093,3371.4053074102453,16318.947303251762,0.0,[74416.65268679927]
2025-08-26,1200.0000000000002,1200.0000000000039,68970.14049591916,68970.14049591916,44491.6195243805,0.0,21099.64362739095,65591.26315177145,5188.515849867355,4589.711486434159,0.0,[62872.27695004258]
2025-08-27,1200.0000000000039,1200.0000000000002,68343.9670075308,68343.9670075308,43962.160752532276,0.0,27385.92530667821,71348.08605921049,7636.573273001135,3989.453299442885,0.0,[54473.520506775974]
2025-08-28,1200.0000000000002,1200.000000000002,74300.62850524415,74300.62850524415,46969.55963841764,0.0,17562.393575704802,64531.95321412244,5120.27009748275,4472.429532904124,0.0,[64022.479432373766]
2025-08-29,1200.000000000002,1200.000000000002,92508.18889308521,92508.18889308521,59505.125898218954,0.0,0.0,59505.125898218954,0.0,65319.01142662477,0.0,[77087.6278863002]
2025-08-30,1200.000000000002,1200.0000000000014,56626.36689497731,56626.36689497731,36666.9499348257,0.0,57.41733303271601,36724.36726785842,26.388966702135235,34970.274582792976,0.0,[40453.36426646645]
2025-08-31,1200.0000000000014,1200.000000000004,56265.27000874517,56265.27000874517,35737.17174810251,0.0,63062.72378031202,98799.89552841453,15366.796987817133,1607.7033798522398,0.0,[56010.31332564611]
2025-09-01,1200.000000000004,1200.0000000000039,78058.50028954717,78058.50028954717,48161.51936294045,0.0,306.8666791443471,48468.3860420848,84.78174825871471,20293.42029146096,0.0,[65480.26878613942]
2025-09-02,1200.0000000000039,1200.0000000000011,66060.68471455254,66060.68471455254,41093.73129450774,0.0,4146.716004028602,45240.447298536346,879.5561520623053,8936.443173552998,0.0,[57599.04169261228]
2025-09-03,1200.0000000000011,1200.0000000000007,69375.4431361342,69375.4431361342,42929.42158851803,0.0,4477.670228250468,47407.0918167685,1095.9448895439396,11072.64550448862,0.0,[59770.79707218717]
2025-09-04,1200.0000000000007,1200.0000000000014,66636.77334789207,66636.77334789207,41643.65570314608,0.0,10316.994911607759,51960.650614753846,2217.7071962488635,10988.624618217787,0.0,[63750.85248508154]
2025-09-05,1200.0000000000014,1200.0000000000005,67939.2020299155,67939.2020299155,42669.43999959095,0.0,0.0,42669.43999959095,0.0,57351.230721268075,0.0,[65024.33244447497]
2025-09-06,1200.0000000000005,1200.000000000002,69272.66201147137,69272.66201147137,43059.64264908998,0.0,0.0,43059.64264908998,0.0,57434.41638553956,0.0,[65764.82034528769]
2025-09-07,1200.000000000002,1199.999999999999,44344.233607753486,44344.233607753486,27802.508324929167,0.0,70412.05048780915,98214.55881273831,16633.075536428085,3412.487872605934,0.0,[30676.975026977525]
2025-09-08,1199.999999999999,1199.9999999999995,64745.2488637527,64745.2488637527,39012.549988565064,0.0,18869.03008006293,57881.580068628,4892.910554823078,6309.686378348514,0.0,[60894.602559268016]
2025-09-09,1199.9999999999995,1200.000000000005,55916.29316057854,55916.29316057854,34742.76254744828,0.0,19335.19660208044,54077.95914952872,4660.6664592932375,3790.392479359629,0.0,[51221.139416712955]
2025-09-10,1200.000000000005,1200.0000000000032,69620.09958386995,69620.09958386995,42059.65157501298,0.0,12847.685307924363,54907.336882937336,3308.0731923428157,7444.8949186441605,0.0,[59243.87016032406]
2025-09-11,1200.0000000000032,1200.000000000001,70225.09460133745,70225.09460133745,43274.11826267776,0.0,17217.190933431637,60491.309196109396,3908.6688339964094,16639.661254798433,0.0,[60516.03018824938]
2025-09-12,1200.000000000001,1200.0000000000002,69253.92849767114,69253.92849767114,43752.0702711874,0.0,0.0,43752.0702711874,0.0,53478.05414174625,0.0,[57212.857006697835]
2025-09-13,1200.0000000000002,1200.0000000000007,59274.860076913654,59274.860076913654,36358.36444156963,0.0,0.0,36358.36444156963,0.0,47098.17986481925,0.0,[59375.888140267416]
2025-09-14,1200.0000000000007,1200.0000000000011,59863.96264715966,59863.96264715966,35497.11741118458,0.0,45784.85545397912,81281.9728651637,11062.277010019767,6717.554596539096,0.0,[57895.06974148441]
2025-09-15,1200.0000000000011,1200.0000000000045,54281.98537471239,54281.98537471239,33581.7565394912,0.0,31626.033326781446,65207.78986627265,7355.223242412872,2840.9783633786647,0.0,[45642.178837146115]
2025-09-16,1200.0000000000045,1200.0000000000005,70438.07342983015,70438.07342983015,42675.16169653826,0.0,20137.709176003005,62812.87087254126,5119.834928706301,11746.220180127895,0.0,[55379.816133324064]
2025-09-17,1200.0000000000005,1199.999999999999,68122.73659899994,68122.73659899994,42077.08192993347,0.0,18152.799209727516,60229.88113966098,4663.116519265084,8570.397708650316,0.0,[54805.59390230301]
2025-09-18,1199.999999999999,1200.0000000000011,62559.19339976447,62559.19339976447,38624.599384939254,0.0,19226.796395078192,57851.39578001745,4630.6334261486645,4041.9290406686364,0.0,[52545.86131726033]
2025-09-19,1200.0000000000011,1200.0000000000045,75691.07492506094,75691.07492506094,47479.738093547894,0.0,0.0,47479.738093547894,0.0,55386.10324239604,0.0,[58249.864216983144]
2025-09-20,1200.0000000000045,1199.9999999999984,58504.26836665852,58504.26836665852,35213.661235392865,0.0,1.6916237988057337,35215.35285919167,0.7912178666069849,38772.25287281502,0.0,[57878.17219057692]
2025-09-21,1199.9999999999984,1199.9999999999995,53494.56055706161,53494.56055706161,31175.779749561967,0.0,51661.993967878625,82837.77371744059,12485.697031386784,3710.2105875904617,0.0,[53594.874219273486]
2025-09-22,1199.9999999999995,1200.0000000000027,64437.79617370441,64437.79617370441,39588.83210101786,0.0,36889.22930045441,76478.06140147228,8485.173566617534,8457.523279348012,0.0,[47844.72548345653]
2025-09-23,1200.0000000000027,1200.0000000000005,67986.82184469078,67986.82184469078,41761.34281334908,0.0,17889.172984712095,59650.51579806118,4193.739867750609,5796.335574868679,0.0,[55507.462097585216]
2025-09-24,1200.0000000000005,1200.0000000000005,59629.49587374777,59629.49587374777,37149.04536815913,0.0,26735.31106784579,63884.35643600492,7992.557993954684,2455.00106926383,0.0,[55724.55017857791]
2025-09-25,1200.0000000000005,1200.0000000000005,66101.90262573249,66101.90262573249,40768.77787718806,0.0,15425.463129296972,56194.241006485034,3818.569417514224,5502.48038592034,0.0,[55443.902902661364]
2025-09-26,1200.0000000000005,1200.000000000001,82566.7258177854,82566.7258177854,52529.797556402125,0.0,0.0,52529.797556402125,0.0,60238.11229668405,0.0,[68439.81675443683]
2025-09-27,1200.000000000001,1199.9999999999998,56021.68461646435,56021.68461646435,33900.991532441156,0.0,10.128144610286355,33911.11967705144,4.7372051498065275,34136.29921912793,0.0,[56680.042280180314]
2025-09-28,1199.9999999999998,1200.0000000000018,56717.298213708375,56717.298213708375,33621.43440313393,0.0,59533.02021580627,93154.45461894019,14953.685042500825,4122.307539656748,0.0,[55576.8234792607]
2025-09-29,1200.0000000000018,1200.0000000000014,66874.65006530586,66874.65006530586,40891.9214424751,0.0,22995.759434565036,63887.68087704013,5695.20068032105,5500.767525388098,0.0,[52653.83201791839]
2025-09-30,1200.0000000000014,1199.999999999999,67438.62601286227,67438.62601286227,41892.537794160315,0.0,33434.117889106696,75326.65568326702,8521.611071035573,6012.501450901306,0.0,[53839.11794149233]
2025-10-01,1199.999999999999,1200.000000000005,65225.004250903396,65225.004250903396,40075.80249750924,0.0,6994.509375410507,47070.311872919745,2071.1105563507454,13541.48585638209,0.0,[55564.32677933391]
2025-10-02,1200.000000000005,1200.0000000000032,74659.42529558128,74659.42529558128,46576.95332290374,0.0,4081.196390174391,50658.149713078135,1401.5593257629405,19737.081869153484,0.0,[69107.63179250831]
2025-10-03,1200.0000000000032,1200.0,72045.32439870061,72045.32439870061,44633.28266450116,0.0,0.0,44633.28266450116,0.0,59911.32121353012,0.0,[58043.9381520958]
2025-10-04,1200.0,1200.0000000000055,74251.64426099509,74251.64426099509,45715.501384937685,0.0,0.0,45715.501384937685,0.0,56753.99516099508,0.0,[69372.43290761992]
2025-10-05,1200.0000000000055,1200.0000000000005,61360.31998167021,61360.31998167021,35797.83079765549,0.0,40057.331376611124,75855.16217426662,10082.49838729938,12488.886847225896,0.0,[89314.82895382753]
2025-10-06,1200.0000000000005,1200.0000000000036,54446.50196478197,54446.50196478197,32891.2139414851,0.0,33634.81309812181,66526.02703960691,8763.754520509128,1351.435766266923,0.0,[45201.25324622313]
2025-10-07,1200.0000000000036,1200.0,62310.29456587332,62310.29456587332,36734.27859139295,0.0,19276.689789411677,56010.968380804625,4761.7407630787475,5236.882489774098,0.0,[53914.59057827554]
2025-10-08,1200.0,1200.0000000000005,61694.5594724326,61694.5594724326,36628.326503181044,0.0,17537.293538388647,54165.620041569695,4160.091048047065,5304.380228429916,0.0,[53025.86335174648]
2025-10-09,1200.0000000000005,1200.0000000000014,73344.58162447726,73344.58162447726,44655.46670817754,0.0,12843.091212530131,57498.55792070767,3072.4359878671016,16216.342802264107,0.0,[61951.907155475965]
2025-10-10,1200.0000000000014,1200.0000000000023,79531.04464310023,79531.04464310023,49577.96903891415,0.0,0.0,49577.96903891415,0.0,65660.37122336522,0.0,[66888.26733939043]
2025-10-11,1200.0000000000023,1200.0000000000005,68854.76514405606,68854.76514405606,41590.33967909208,0.0,0.0,41590.33967909208,0.0,50475.71810371642,0.0,[80990.77323361565]
2025-10-12,1200.0000000000005,1200.000000000001,53156.410476996534,53156.410476996534,30298.21071827672,0.0,58441.190583907446,88739.40130218417,14228.663498366559,4816.784658696428,0.0,[52470.23383737251]
2025-10-13,1200.000000000001,1200.0000000000007,64056.95830528783,64056.95830528783,37715.91364098578,0.0,26754.78120505416,64470.69484603994,6180.557040900038,9057.657973395668,0.0,[59537.72121706001]
2025-10-14,1200.0000000000007,1200.0000000000027,69227.89155181771,69227.89155181771,41688.42041916317,0.0,23002.07463362021,64690.495052783386,5508.658117335731,9601.214488283602,0.0,[64163.7638618502]
2025-10-15,1200.0000000000027,1199.9999999999995,73265.95454980685,73265.95454980685,44467.39758330809,0.0,14736.42587502586,59203.82345833395,3633.0520743474835,10415.301160965137,0.0,[63962.95427881845]
2025-10-16,1199.9999999999995,1200.0000000000027,70724.03982297471,70724.03982297471,43006.22174119077,0.0,14708.418990196458,57714.640731387226,3496.886475853698,6732.814406023084,0.0,[55881.367121463416]
2025-10-17,1200.0000000000027,1200.000000000004,69840.82726262184,69840.82726262184,42952.490600595906,0.0,0.0,42952.490600595906,0.0,49670.478375375635,0.0,[61061.54980006272]
2025-10-18,1200.000000000004,1199.9999999999995,68802.2476190303,68802.2476190303,40985.976856713416,0.0,0.0,40985.976856713416,0.0,48329.60471761801,0.0,[64600.99067911482]
2025-10-19,1199.9999999999995,1200.000000000001,58239.30875175121,58239.30875175121,33572.92670757159,0.0,56409.59919070742,89982.52589827901,13794.930469241928,3865.0545979122626,0.0,[56714.76604435657]
2025-10-20,1200.000000000001,1200.0000000000025,71161.42950571938,71161.42950571938,43530.1642062688,0.0,22238.323958789086,65768.48816505788,5341.259676523127,7418.328354640718,0.0,[62487.84586612483]
2025-10-21,1200.0000000000025,1200.0000000000027,71671.59046836985,71671.59046836985,43399.82256155529,0.0,23830.00232888502,67229.8248904403,5701.474924441999,6333.56720848047,0.0,[58695.81523926661]
2025-10-22,1200.0000000000027,1200.0000000000055,70667.90112400246,70667.90112400246,43305.8786563433,0.0,22002.370892399013,65308.249548742315,5283.1374549114025,5831.33905424579,0.0,[58567.83025200509]
2025-10-23,1200.0000000000055,1200.0000000000018,82328.28079642492,82328.28079642492,51168.35415091819,0.0,12739.687669787481,63908.04182070567,3119.835358651758,17350.285788410023,0.0,[65967.65002856095]
2025-10-24,1200.0000000000018,1200.0000000000005,78141.00823648222,78141.00823648222,48935.86842424341,0.0,0.0,48935.86842424341,0.0,55337.71797693282,0.0,[59801.632210940916]
2025-10-25,1200.0000000000005,1200.0000000000032,73039.9814720141,73039.9814720141,44338.321935098764,0.0,0.0,44338.321935098764,0.0,49178.33605263449,0.0,[83819.62629623608]
2025-10-26,1200.0000000000032,1200.0000000000048,63769.375077020544,63769.375077020544,37368.971835488395,0.0,52426.6730222077,89795.6448576961,12633.773039262804,7565.207512447961,0.0,[77808.36527412657]
2025-10-27,1200.0000000000048,1200.0000000000048,64054.453794985224,64054.453794985224,38523.006994167656,0.0,28940.34017916763,67463.34717333529,6790.499245341904,3173.642474836812,0.0,[50846.74034090061]
2025-10-28,1200.0000000000048,1200.000000000006,66112.14973694188,66112.14973694188,40194.759416864086,0.0,28885.82922654105,69080.58864340514,6982.520007594125,2893.344649498208,0.0,[52732.56216916167]
2025-10-29,1200.000000000006,1200.000000000005,76387.45958129974,76387.45958129974,47050.90282069429,0.0,20085.94705328886,67136.84987398316,4605.934525917522,6962.803973883938,0.0,[59957.04389463353]
2025-10-30,1200.000000000005,1200.000000000002,68821.04733238497,68821.04733238497,42199.165557193985,0.0,17868.757820861785,60067.92337805577,4473.134423532079,4147.125077846905,0.0,[54676.87564613652]
2025-10-31,1200.000000000002,1200.0000000000077,87318.20001956687,87318.20001956687,55478.28964555807,0.0,0.0,55478.28964555807,0.0,58537.24128623353,0.0,[76042.76014553662]
2025-11-01,1200.0000000000077,1199.9999999999995,70062.2280090106,70062.2280090106,42188.571009753505,0.0,2.8932044311923852,42191.4642141847,1.3532293878355404,43051.771960600716,0.0,[82317.46501011892]
2025-11-02,1199.9999999999995,1200.0000000000018,62655.692271338594,62655.692271338594,36613.331027159424,0.0,60039.18415752236,96652.51518468178,14806.185725791778,4113.438592861658,0.0,[76499.01854671535]
2025-11-03,1200.0000000000018,1200.0000000000005,74641.5503361017,74641.5503361017,45167.994610999514,0.0,22774.139203877254,67942.13381487677,5705.16588043258,6306.875590381651,0.0,[60938.52387105473]
2025-11-04,1200.0000000000005,1200.000000000001,70346.9887194788,70346.9887194788,42964.175793417075,0.0,22207.484453254,65171.660246671076,5307.344471127707,3625.7876687904927,0.0,[55991.042338472784]
2025-11-05,1200.000000000001,1200.0000000000014,80936.6234534528,80936.6234534528,49913.473619357486,0.0,16145.424840401687,66058.89845975918,4048.0601371919247,10588.330190644741,0.0,[66313.29779007229]
2025-11-06,1200.0000000000014,1200.0000000000014,76774.97061628808,76774.97061628808,47295.02269333057,0.0,18476.122443126744,65771.14513645731,4357.740380065487,5269.176454247452,0.0,[60809.8477522686]
2025-11-07,1200.0000000000014,1200.0000000000014,83351.67059752022,83351.67059752022,53029.130358513605,0.0,0.0,53029.130358513605,0.0,55317.857955385334,0.0,[67221.5308988953]
2025-11-08,1200.0000000000014,1200.000000000001,73747.7702646819,73747.7702646819,45083.44355731648,0.0,13.732787154333705,45097.17634447081,6.423193243374044,45552.76588112845,0.0,[71821.99236916103]
2025-11-09,1200.000000000001,1200.0000000000011,65627.44066452263,65627.44066452263,38444.39281589119,0.0,63167.16138282919,101611.55419872038,15202.658152783863,5081.614967306497,0.0,[81082.0345630029]
2025-11-10,1200.0000000000011,1200.0000000000005,74985.03258832754,74985.03258832754,45779.73731315097,0.0,33411.69808224379,79191.43539539476,7823.765227753198,4193.306724458618,0.0,[65769.53447474573]
2025-11-11,1200.0000000000005,1200.0000000000005,79714.14057796788,79714.14057796788,49491.31458505623,0.0,19144.212620676106,68635.52720573233,4627.113929285121,8047.046583031375,0.0,[69828.27038648336]
2025-11-12,1200.0000000000005,1200.0,77461.12066485739,77461.12066485739,47743.76552164347,0.0,18723.022838252902,66466.78835989637,4321.663904612712,6137.865505377368,0.0,[65260.05248505378]
2025-11-13,1200.0,1200.0,77038.51862481915,77038.51862481915,47967.979352671675,0.0,19195.478937518325,67163.45829019,4931.376120137655,5012.729444323116,0.0,[68075.03466947825]
2025-11-14,1200.0,1200.0000000000018,88503.99486565682,88503.99486565682,56654.98028094448,0.0,0.0,56654.98028094448,0.0,56028.87289899015,0.0,[81433.98590704167]
2025-11-15,1200.0000000000018,1200.0000000000011,79716.84442593463,79716.84442593463,49386.72813563943,0.0,0.0,49386.72813563943,0.0,46786.62417593463,0.0,[112843.35402953235]
2025-11-16,1200.0000000000011,1200.0000000000048,66547.14339399512,66547.14339399512,39468.96802724422,0.0,63639.408495812415,103108.37652305664,15666.910708336953,3348.9659858955715,0.0,[99008.53097749561]
2025-11-17,1200.0000000000048,1200.0,70692.23198419895,70692.23198419895,43259.40647595136,0.0,32921.98641812788,76181.39289407924,8299.227637486507,1760.8042161899853,0.0,[66066.61310638329]
2025-11-18,1200.0,1200.0000000000027,76416.31076209704,76416.31076209704,46990.807766734724,0.0,23078.73851191023,70069.54627864495,5729.453853002873,2550.6355205092145,0.0,[69047.25563362967]
2025-11-19,1200.0000000000027,1200.0000000000005,77217.17420034074,77217.17420034074,47921.31038520787,0.0,21621.998640297243,69543.30902550512,5336.089625454959,2578.483679911218,0.0,[70182.30063024277]
2025-11-20,1200.0000000000005,1200.0000000000014,78506.2075245823,78506.2075245823,48711.88653292245,0.0,17535.30144496155,66247.187977884,4427.736276366031,3575.5906906035316,0.0,[71093.87330507213]
2025-11-21,1200.0000000000014,1199.9999999999998,88211.33644506872,88211.33644506872,56385.871664650054,0.0,0.0,56385.871664650054,0.0,54508.950452607955,0.0,[80996.43549079492]
2025-11-22,1199.9999999999998,1200.0000000000005,80766.37479837991,80766.37479837991,50092.74543168014,0.0,0.0,50092.74543168014,0.0,45837.378430399855,0.0,[114850.98298886819]
2025-11-23,1200.0000000000005,1200.000000000005,67484.48323527351,67484.48323527351,39907.30645464883,0.0,60858.29886090263,100765.60531555145,14756.391266031227,2605.7360814481226,0.0,[104147.42711657597]
2025-11-24,1200.000000000005,1199.9999999999986,72403.71318166234,72403.71318166234,44110.11806197474,0.0,34058.80998675605,78168.9280487308,8280.041341370352,1924.4424490015917,0.0,[56217.22215115057]
2025-11-25,1199.9999999999986,1200.0000000000005,86078.91435618495,86078.91435618495,53958.25935894575,0.0,19444.530457719724,73402.78981666546,4706.367562460888,9739.954785312506,0.0,[72432.82333599661]
2025-11-26,1200.0000000000005,1200.000000000001,82426.42822799437,82426.42822799437,51113.44347224161,0.0,20679.16275003789,71792.6062222795,4735.908252934406,5606.118426282875,0.0,[63944.83037381265]
2025-11-27,1200.000000000001,1200.0000000000027,81276.21895705364,81276.21895705364,50656.70789787894,0.0,17514.208160003633,68170.91605788257,4018.916331847343,4795.909222234331,0.0,[63478.305593880126]
2025-11-28,1200.0000000000027,1200.0000000000023,89642.60051854447,89642.60051854447,57578.48032465112,0.0,0.0,57578.48032465112,0.0,53844.69530187781,0.0,[71351.42448581732]
2025-11-29,1200.0000000000023,1200.0000000000007,88171.38073197097,88171.38073197097,54893.84017703314,0.0,7.999025194282356,54901.83920222742,3.741358837363123,48396.78000328761,0.0,[124394.05617654194]
2025-11-30,1200.0000000000007,1199.9999999999995,72892.92965334051,72892.92965334051,43294.29581411317,0.0,63920.962520673296,107215.25833478646,15101.647882888252,3189.7494195621075,0.0,[90674.88361946207]
2025-12-01,1199.9999999999995,1200.0,82018.39794389995,82018.39794389995,51000.469258466575,0.0,46003.55681820017,97004.02607666675,11921.76528647402,2812.0694722570374,0.0,[64233.38954969458]
2025-12-02,1200.0,1200.0,90011.08989718961,90011.08989718961,56631.701767859864,0.0,33232.19901856421,89863.90078642408,8439.540815038199,4936.154095561161,0.0,[70351.02751763137]
2025-12-03,1200.0,1199.999999999999,83465.68143371808,83465.68143371808,52175.256719459445,0.0,34331.360558633205,86506.61727809266,9237.321923994168,945.8172985224214,0.0,[65767.57801091018]
2025-12-04,1199.999999999999,1200.0000000000011,93128.95848755902,93128.95848755902,59081.1661183836,0.0,24569.683950570245,83650.85006895385,5819.104029703364,7300.187100595718,0.0,[70972.22767223064]
2025-12-05,1200.0000000000011,1200.0000000000005,101846.66799947452,101846.66799947452,66540.51241546152,0.0,0.0,66540.51241546152,0.0,55658.37364947453,0.0,[84510.09678624757]
2025-12-06,1200.0000000000005,1200.0000000000023,84030.22400380715,84030.22400380715,52445.86648932136,0.0,244.303989869567,52690.17047919092,111.51509804550432,35655.50473602001,0.0,[101087.76822315888]
2025-12-07,1200.0000000000023,1200.0000000000005,82079.15325115123,82079.15325115123,50078.94253701703,0.0,67967.77406342028,118046.7166004373,16575.5696690642,6125.375003548767,0.0,[99748.14364926082]
2025-12-08,1200.0000000000005,1200.000000000001,92134.37798953129,92134.37798953129,58279.61560099268,0.0,26546.833299256396,84826.44890024907,6327.182040537752,5841.0141591107395,0.0,[77588.54239520035]
2025-12-09,1200.000000000001,1200.0000000000023,92678.70625884549,92678.70625884549,58753.202254500175,0.0,22573.594191626693,81326.79644612687,5208.669249341932,5625.465543612705,0.0,[81171.9603181341]
2025-12-10,1200.0000000000023,1199.999999999999,90544.55124283927,90544.55124283927,57109.08383660317,0.0,21354.620367140873,78463.70420374404,5659.313645826257,2939.579755332205,0.0,[80983.6968453875]
2025-12-11,1199.999999999999,1199.9999999999986,94533.76206188038,94533.76206188038,59954.07231175249,0.0,14487.996093077156,74442.06840482965,3396.0932254151126,7091.933920628835,0.0,[79958.6900665645]
2025-12-12,1199.9999999999986,1200.0,102274.89688224572,102274.89688224572,65836.87287900607,0.0,0.0,65836.87287900607,0.0,53683.81673224573,0.0,[90796.4071560401]
2025-12-13,1200.0,1200.0000000000002,87332.80109216754,87332.80109216754,54727.24116117759,0.0,11.404181594285284,54738.64534277187,5.334041905652612,38847.71559880802,0.0,[85674.8919895887]
2025-12-14,1200.0000000000002,1200.0,78762.79976516857,78762.79976516857,47542.0593709564,0.0,66573.8600327915,114115.9194037479,16033.818183416945,1263.0157144030163,0.0,[96702.00829200102]
2025-12-15,1200.0,1200.0000000000014,84988.64369880577,84988.64369880577,52469.163438788906,0.0,43592.8109018286,96061.97434061751,10341.952407044224,1142.7048058500031,0.0,[76045.75980856566]
2025-12-16,1200.0000000000014,1200.000000000001,92571.30777462148,92571.30777462148,58580.14834774989,0.0,22712.065921852678,81292.21426960257,5469.355141272652,3745.904915894139,0.0,[79966.56335466757]
2025-12-17,1200.000000000001,1200.0000000000016,95121.08768266981,95121.08768266981,60408.36626207256,0.0,18021.17378734151,78429.54004941406,4510.248359976454,6604.782424221286,0.0,[81954.5496514959]
2025-12-18,1200.0000000000016,1199.999999999999,92961.26240636379,92961.26240636379,59072.14623633187,0.0,15407.111314490527,74479.2575508224,3816.4827603995323,4539.215815233092,0.0,[84668.53518011337]
2025-12-19,1199.999999999999,1200.0000000000005,100982.94392377505,100982.94392377505,65505.42772356386,0.0,0.0,65505.42772356386,0.0,53128.60668530906,0.0,[87546.75462300157]
2025-12-20,1200.0000000000005,1200.0000000000018,90144.26067559197,90144.26067559197,56773.649581103135,0.0,0.0,56773.649581103135,0.0,42411.24175892532,0.0,[108519.67380928736]
2025-12-21,1200.0000000000018,1199.9999999999995,81932.17118635068,81932.17118635068,49819.7040463576,0.0,62358.10549212755,112177.80953848515,14688.844707512308,2801.743636715676,0.0,[99707.53176998244]
2025-12-22,1199.9999999999995,1199.9999999999989,88662.17393564072,88662.17393564072,55697.43749898796,0.0,31004.2281749214,86701.66567390936,7616.522421481937,2464.602607122658,0.0,[79404.5135419112]
2025-12-23,1199.9999999999989,1199.999999999999,95462.23977759283,95462.23977759283,61139.94085748639,0.0,19764.427032568445,80904.36789005484,4677.892852239055,8005.373429831878,0.0,[93833.49285580916]
2025-12-24,1199.999999999999,1200.0000000000027,93687.78127759695,93687.78127759695,59809.49637606056,0.0,18524.561812970096,78334.05818903065,4471.863789341145,5428.41908360477,0.0,[83707.9226424725]
2025-12-25,1200.0000000000027,1200.0000000000032,91190.75926067517,91190.75926067517,57540.82910656181,0.0,19156.943240662906,76697.77234722472,4651.683896183791,3169.539327960752,0.0,[79171.09775921737]
2025-12-26,1200.0000000000032,1200.0000000000002,102787.82618230897,102787.82618230897,67269.52929936507,0.0,0.0,67269.52929936507,0.0,54903.537082308976,0.0,[98504.15276026321]
2025-12-27,1200.0000000000002,1200.0,89833.89359649296,89833.89359649296,56216.92975916818,0.0,0.0,56216.92975916818,0.0,41618.41786315962,0.0,[88014.42618942997]
2025-12-28,1200.0,1200.0,80192.11151956426,80192.11151956426,48605.862158719494,0.0,60602.5539300592,109208.4160887787,14411.971091984182,3028.8016028265,0.0,[98908.64073044067]
2025-12-29,1200.0,1199.9999999999993,87921.47725105184,87921.47725105184,54600.856794185056,0.0,29066.566931577647,83667.4237257627,7018.815977561433,2643.1568750661236,0.0,[80867.88408908554]
2025-12-30,1199.9999999999993,1200.000000000001,92072.44708383558,92072.44708383558,58086.70557525191,0.0,21800.631287127777,79887.33686237969,5159.765310629589,6131.143127798517,0.0,[84723.56862802886]
2025-12-31,1200.000000000001,1200.0000000000018,96766.57860884708,96766.57860884708,62037.960394204914,0.0,18172.615512714812,80210.57590691972,4349.903482458043,7593.392491305131,0.0,[92646.69188717238]
