model,date,reserve_constraint_kwh,soc_start_kwh,soc_end_kwh,grid_kwh,charge_kwh,discharge_kwh,cost_yuan,peak_grid_kwh_per_10min
matched_milp,2025-02-01,9600.0,10800.0,10800.0,38394.52295783334,21138.668549999995,17122.321525499996,19910.67855326578,1414.1566666666695
matched_milp,2025-02-02,9600.0,10800.0,10800.0,82850.75756028805,23655.155843621396,19160.67623333333,51672.73499494823,1432.3798833333333
matched_milp,2025-02-03,9600.0,10800.0,10800.0,84738.34209794238,23796.976831275715,19275.55123333333,52962.25293766002,1425.5366666666687
matched_milp,2025-02-04,9600.0,10800.0,10800.0,85886.57458497942,24693.213868312756,20001.503233333337,53911.20575143963,1466.8769499999999
matched_milp,2025-02-05,9600.0,10800.0,10800.0,85326.53203641975,24095.289753086414,19517.184699999998,53275.24341079722,1417.2928666666667
matched_milp,2025-02-06,9600.0,10800.0,10800.0,84904.19486666666,24384.934999999998,19751.79735,52969.65985820333,1419.7203833333333
matched_milp,2025-02-07,9600.0,10800.0,10800.0,37591.749566666665,21333.333333333332,17280.0,19435.84638713,1250.3266666666666
matched_milp,2025-02-08,9600.0,10800.0,10800.0,36619.37841666667,21333.333333333336,17280.0,18937.724833126667,1368.4783333333362
matched_milp,2025-02-09,9600.0,10800.0,10800.0,84164.65257839506,24259.140061728394,19649.903449999998,52370.63191403444,1409.3986833333333
matched_milp,2025-02-10,9600.0,10800.0,10800.0,78754.46615202674,23304.36088786008,18876.53231916667,48629.211333939114,1431.3747833333332
matched_milp,2025-02-11,9600.0,10800.0,10800.0,79653.05468699998,23328.72396666666,18896.266413,49449.5233721833,1418.5775999999998
matched_milp,2025-02-12,9600.0,10800.0,10800.0,79728.79091229217,23484.498836625513,19022.444057666668,49628.665717151496,1411.7051999999999
matched_milp,2025-02-13,9600.0,10800.0,10800.0,75732.75893580247,23175.1574691358,18771.87755,46507.68419174617,1414.21455
matched_milp,2025-02-14,9600.0,10800.0,10800.0,35995.76879999999,21333.333333333332,17280.0,18599.295129576665,1251.593333333336
matched_milp,2025-02-15,9600.0,10800.0,10800.0,36022.5603,21333.333333333336,17280.0,18665.996334871666,1380.9750000000022
matched_milp,2025-02-16,9600.0,10800.0,10800.0,79784.84820833332,23197.205833333333,18789.736725,49304.50625958749,1415.8871333333332
matched_milp,2025-02-17,9600.0,10800.0,10800.0,75551.92707839506,22989.81006172839,18621.74615,46214.20653353599,1425.3921
matched_milp,2025-02-18,9600.0,10800.0,10800.0,76516.32402233333,23289.138099999996,18864.201861,46921.33601069057,1406.445
matched_milp,2025-02-19,9600.0,10800.0,10800.0,77312.77026116666,23333.909883333326,18900.467005500002,47796.481403594764,1450.7511166666666
matched_milp,2025-02-20,9600.0,10800.0,10800.0,75284.12561893005,22584.167818930044,18293.175933333332,46189.150346302165,1420.725
matched_milp,2025-02-21,9600.0,10800.0,10800.0,34858.9177,21333.333333333332,17280.0,17746.230453281663,1276.32405
matched_milp,2025-02-22,9551.666205357138,10800.0,10751.666205357138,34967.59715039682,21279.629117063483,17280.0,17958.915723475,1416.9616666666666
matched_milp,2025-02-23,9420.120888227506,10751.666205357138,10620.120888227506,75733.07091368313,22734.77903034979,18533.5618,46328.48764310697,1424.6166666666666
matched_milp,2025-02-24,8912.034560185179,10620.120888227506,10112.034560185179,71891.22461102292,21818.25626102293,18130.065266666665,44050.46799206197,1419.07
matched_milp,2025-02-25,8403.948232142851,10112.034560185179,9603.948232142851,69399.05415443856,21236.887454438565,17659.156533333335,42502.870842151635,1432.6
matched_milp,2025-02-26,7895.861904100525,9603.948232142851,9095.861904100526,72487.16374188713,21734.702125220465,18062.386416666668,44246.90161702424,1460.1053333333332
matched_milp,2025-02-27,7387.775576058198,9095.861904100526,8587.775576058197,70731.15102398589,22272.865890652552,18498.299066666666,43710.808016867406,1475.4655333333333
matched_milp,2025-02-28,6921.907211139323,8587.775576058197,8121.907211139323,32864.46056059131,18357.674679043692,15288.998018452377,16842.120207803535,1256.4407999999999
matched_milp,2025-03-01,6456.038846220448,8121.907211139323,8550.0,32593.892109974608,18853.633744855968,14886.159823358721,16826.795856437173,1246.3633333333332
matched_milp,2025-03-02,5990.170481301574,8550.0,8550.0,76899.62196117283,23901.65733950617,19360.342445,47111.0758399616,1441.2067
matched_milp,2025-03-03,7387.775576058198,8550.0,8587.775576058197,76497.73928445354,23403.129645620218,18922.536994500002,47083.80957219303,1411.2584166666666
matched_milp,2025-03-04,6961.326095542993,8587.775576058197,8550.0,73552.1666134847,23087.92999265138,18735.221312499998,44658.58327805787,1446.0737
matched_milp,2025-03-05,6534.876615027789,8550.0,8550.0,70403.03592345677,22487.17845679012,18214.61455,42689.84761432364,1429.3018166666666
matched_milp,2025-03-06,6108.427134512584,8550.0,7308.427134512584,68822.32568855307,21047.827021886405,18166.155466666663,41969.484845011386,1461.882833333333
matched_milp,2025-03-07,5681.97765399738,7308.427134512584,6881.97765399738,30317.948083380204,16979.9751711082,14137.584421061323,15655.163596988425,1254.6349999999998
matched_milp,2025-03-08,5642.558769593709,6881.97765399738,8550.0,32888.80044473569,18833.333333333332,13753.779888597643,16690.46510850151,1246.6521166666666
matched_milp,2025-03-09,5603.139885190039,8550.0,8550.0,67505.11242860081,21955.723045267485,17784.13566666666,40910.612047846545,1405.9643333333333
matched_milp,2025-03-10,5563.72100078637,8550.0,8550.0,72193.89355473251,21851.695288065843,17699.87318333333,43532.21016815212,1422.6092166666665
matched_milp,2025-03-11,5543.397646595862,8550.0,8550.0,68151.60794423867,22172.04812757201,17959.35898333333,41099.989856562526,1438.2664999999997
matched_milp,2025-03-12,5538.623764042572,8550.0,8550.0,66583.05862057614,21829.073353909465,17681.549416666665,40245.98209753691,1443.5844499999998
matched_milp,2025-03-13,5533.849881489281,8550.0,6733.849881489281,69696.28680700454,19922.125773671214,17771.456983333333,42505.41128848943,1436.1918999999998
matched_milp,2025-03-14,5578.042648446242,6733.849881489281,6778.042648446242,30001.99638826658,16864.491831606934,13620.464893340353,15365.638986692251,1264.5733333333333
matched_milp,2025-03-15,5543.397646595862,6778.042648446242,8550.0,32714.06374973171,18833.33333333333,13660.238383601616,16582.606693011927,1255.2624333333333
matched_milp,2025-03-16,5647.332652147,8550.0,8550.0,67534.66638634156,22019.049752674895,17835.430299666667,40551.36445867016,1418.9722833333333
matched_milp,2025-03-17,5612.6876502966215,8550.0,8550.0,61920.60853230452,21381.458415637862,17318.981316666664,37247.899616759314,1416.1966666666665
matched_milp,2025-03-18,5578.042648446242,8550.0,8550.0,65242.80800020576,21667.62965020576,17550.780016666668,39276.32042704413,1406.415
matched_milp,2025-03-19,5543.397646595862,8550.0,8550.0,63589.131552263374,21703.479485596705,17579.81838333333,38284.34975361882,1422.4213166666666
matched_milp,2025-03-20,5538.623764042572,8550.0,6738.623764042572,64309.4046765082,19635.165643174874,17534.72278333333,39082.789245882035,1408.7633999999998
matched_milp,2025-03-21,5533.849881489281,6738.623764042572,6733.849881489281,29492.910652905328,16815.38875721031,13624.761387638313,14912.642679416798,1278.5383333333332
matched_milp,2025-03-22,5529.075998935989,6733.849881489281,8550.0,31291.33287332631,18833.333333333332,13620.464893340353,15632.949246946913,1270.6516666666666
matched_milp,2025-03-23,5524.302116382699,8550.0,8550.0,62823.96558292181,21338.134032921807,17283.888566666665,37594.42974754007,1419.8
matched_milp,2025-03-24,5457.964149124002,8550.0,8550.0,62125.47424074073,21720.932407407407,17593.95525,37314.307414938885,1433.2084499999999
matched_milp,2025-03-25,5391.626181865305,8550.0,8550.0,65038.54288312758,21517.990349794236,17429.572183333334,39019.92464227919,1426.8686166666666
matched_milp,2025-03-26,5325.288214606608,8550.0,8550.0,59645.888199999994,21333.33333333333,17280.0,35817.541056116665,1460.6330833333332
matched_milp,2025-03-27,5258.950247347911,8550.0,6458.950247347911,60458.97521680632,19073.318916806318,17331.333099999996,36585.48307594983,1426.0394666666666
matched_milp,2025-03-28,5010.343024018797,6458.950247347911,6210.343024018797,28411.213498518875,16233.714471131994,13373.055222613119,14241.678961954834,1261.7849999999999
matched_milp,2025-03-29,4761.735800689685,6210.343024018797,8550.0,31408.398678383084,18833.333333333336,13149.308721616917,15668.49267570603,1245.6999999999998
matched_milp,2025-03-30,4513.128577360571,8550.0,8550.0,59444.95874197529,21575.4686419753,17476.1296,35444.95398041283,1430.89825
matched_milp,2025-03-31,4264.521354031458,8550.0,8550.0,60835.701971604925,20443.749938271598,16559.437449999998,36370.4213916103,1438.9206
matched_milp,2025-04-01,4473.386416274525,8550.0,8550.0,64105.87067716049,20510.627160493827,16613.608,37961.2731816637,1457.5856666666666
matched_milp,2025-04-02,4900.979175518395,8550.0,8550.0,64488.66873333333,21333.33333333333,17280.0,38216.598857385,1455.1320833333332
matched_milp,2025-04-03,5325.288214606608,8550.0,6525.288214606608,57688.96693968636,19198.30147301969,17372.8648,34965.61730048171,1466.4452666666666
matched_milp,2025-04-04,5258.950247347911,6525.288214606608,6458.950247347911,27636.259592796174,16509.944719275456,13432.759393145945,13652.082208422113,1250.1666666666665
matched_milp,2025-04-05,5079.964711433153,6458.950247347911,8550.0,30428.55476072021,18833.333333333332,13373.055222613119,15016.540163904388,1265.1059666666665
matched_milp,2025-04-06,4900.979175518395,8550.0,8550.0,58379.05006522633,20889.335781893,16920.361983333336,34852.02837279969,1422.6592166666665
matched_milp,2025-04-07,4721.993639603637,8550.0,8550.0,57177.76261604938,20710.754382716048,16775.711049999998,33958.95224917646,1428.1666666666665
matched_milp,2025-04-08,4543.00810368888,8550.0,8550.0,58406.62510493826,21333.849938271604,17280.41845,35137.089507819255,1431.2601833333333
matched_milp,2025-04-09,4473.386416274525,8550.0,8550.0,63187.48751790123,21332.507901234567,17279.331399999995,37238.70756652259,1422.556833333333
matched_milp,2025-04-10,4900.979175518395,8550.0,6100.979175518395,55713.531793168586,18194.803343168587,16941.90945,33948.00435547465,1417.0166666666664
matched_milp,2025-04-11,4721.993639603637,6100.979175518395,5921.993639603637,27173.46390825971,15913.326266226262,13050.881257966554,13376.830849263562,1280.675
matched_milp,2025-04-12,4543.00810368888,5921.993639603637,8550.0,29664.36835769006,18833.333333333332,12889.794275643273,14456.331945255166,1265.3436333333332
matched_milp,2025-04-13,4473.386416274525,8550.0,8550.0,58147.88091049383,20376.433827160494,16504.911399999997,34624.79007570389,1416.8289
matched_milp,2025-04-14,4403.764728860169,8550.0,7950.0,55805.157617833334,20090.135883333332,16813.0100655,33034.038139692595,1411.279
matched_milp,2025-04-15,4334.143041445814,7950.0,8550.0,54537.37061954733,20304.956769547327,15907.014983333334,32866.16202369414,1414.5166666666664
matched_milp,2025-04-16,4264.521354031458,8550.0,8550.0,59563.36727530864,19914.60697530864,16130.831649999998,35102.93013211191,1424.1525166666665
matched_milp,2025-04-17,4473.386416274525,8550.0,5673.386416274525,53515.68653561984,17033.13900511984,16385.7948195,32554.417089532195,1409.9388166666665
matched_milp,2025-04-18,4403.764728860169,5673.386416274525,5603.764728860169,26036.710896308672,15559.73858762241,12666.047774647071,12605.557457914823,1218.62
matched_milp,2025-04-19,4334.143041445814,5603.764728860169,8550.0,29319.786794025844,18833.333333333332,12603.38825597415,13945.654291933886,1255.4712
matched_milp,2025-04-20,4264.521354031458,8550.0,7950.0,55257.645657407396,20210.004074074073,16910.103299999995,32737.78664787111,1403.2321666666667
matched_milp,2025-04-21,4182.659217857298,7950.0,8550.0,52854.12389259259,19985.33425925926,15648.120749999998,31572.724709740556,1436.5115666666666
matched_milp,2025-04-22,4100.7970816831385,8550.0,8550.0,55926.29128930041,19859.799855967078,16086.437883333332,32993.911001174776,1416.1932333333332
matched_milp,2025-04-23,4018.934945508978,8550.0,7950.0,54442.546923456786,18855.94845679012,15813.31825,32147.69101175088,1439.3734166666666
matched_milp,2025-04-24,3937.0728093348184,7950.0,5137.072809334819,47891.807352964606,16060.749602964612,15540.841649999998,29459.904186855176,1409.2726833333331
matched_milp,2025-04-25,3928.9181940902713,5137.072809334819,5128.918194090271,25168.663127532294,15035.9834101003,12186.485715901337,12125.185896314872,1230.3449999999998
matched_milp,2025-04-26,3920.763578845724,5128.918194090271,7950.0,28809.706491985417,18166.666666666664,12176.026374681245,13835.550105512526,1258.3383333333331
matched_milp,2025-04-27,3912.6089636011775,7950.0,8550.0,53364.44722880657,20537.252695473253,16095.174683333333,32064.7688686487,1408.4106666666667
matched_milp,2025-04-28,3904.4543483566304,8550.0,6947.259981481482,58613.77777489712,18075.139341563787,16083.328883333334,34522.49816949047,1421.6127499999998
matched_milp,2025-04-29,3928.9181940902713,6947.259981481482,7950.0,52088.68027037037,19012.533703703702,14497.686283333334,31609.134487617775,1402.7310333333332
matched_milp,2025-04-30,3920.763578845724,7950.0,7950.0,51743.305869958844,18349.744403292178,14863.292966666666,30729.852623004193,1401.3089833333333
matched_milp,2025-05-01,3912.6089636011775,7950.0,5112.6089636011775,52226.050963054804,16723.45067972147,16099.64698333333,33065.7204985235,1478.4916666666666
matched_milp,2025-05-02,3937.0728093348184,5112.6089636011775,5137.072809334819,29025.41337646429,15041.19201037202,12161.348067241059,15271.21269370718,1304.2199999999998
matched_milp,2025-05-03,4182.659217857298,5137.072809334819,7950.0,31271.040721598663,18166.666666666664,12183.365528401337,16001.720497364957,1296.4866666666667
matched_milp,2025-05-04,4265.895138833866,7950.0,8550.0,55787.78232222222,18490.07888888889,14436.9639,34158.44217260833,1472.7416666666666
matched_milp,2025-05-05,4265.208246432662,8550.0,8290.065383333333,58619.349709053495,19880.44244238683,16337.099533333334,35503.782716059075,1476.5975166666665
matched_milp,2025-05-06,4264.521354031458,8290.065383333333,8550.0,57054.05616666667,20789.6455,16605.6717,34650.31227549667,1515.84
matched_milp,2025-05-07,4220.745464104703,8550.0,8550.0,58866.41126234568,19992.44901234568,16193.8837,36061.41815596738,1465.1516666666666
matched_milp,2025-05-08,4176.969574177948,8550.0,5376.969574177948,56000.36724148579,15945.169603819115,15771.314762333332,34430.1102304988,1474.4133333333332
matched_milp,2025-05-09,4133.193684251192,5376.969574177948,5333.193684251192,27743.722543518947,15259.104093612434,12399.27261676015,14376.087717387521,1256.7083333333333
matched_milp,2025-05-10,4089.417794324437,5333.193684251192,8550.0,31437.589559173924,18839.275833333333,12364.687740826073,15910.845280531772,1311.0266666666666
matched_milp,2025-05-11,4220.745464104703,8550.0,7950.0,58446.76460473251,18435.186954732508,15472.501433333331,35460.6934049492,1467.79
matched_milp,2025-05-12,4176.969574177948,7950.0,8550.0,55835.69667901234,17707.90234567901,13803.4009,34115.48250829907,1447.645
matched_milp,2025-05-13,4133.193684251192,8550.0,8550.0,56756.27899670782,19089.822263374488,15462.756033333331,34276.97026772757,1433.7821999999999
matched_milp,2025-05-14,4089.417794324437,8550.0,8403.963312962966,56418.64716152263,18610.16524485597,15205.666866666666,34129.937722275135,1455.2143666666666
matched_milp,2025-05-15,4051.3315480770325,8403.963312962966,5251.3315480770325,52886.7608630897,15574.058779756371,15452.356200000002,32772.47468427742,1454.205
matched_milp,2025-05-16,4013.2453018296283,5251.3315480770325,5213.245301829628,26736.29342820803,15127.353946477362,12287.43431826933,13551.188120192382,1286.5349999999999
matched_milp,2025-05-17,3975.159055582223,5213.245301829628,8550.0,31422.944645019994,18833.333333333332,12251.920771646666,15991.643042649277,1331.8764666666666
matched_milp,2025-05-18,4089.417794324437,8550.0,7080.246166666668,55698.49199794239,17605.80183127572,15583.477933333332,33400.62310645705,1446.33
matched_milp,2025-05-19,4051.3315480770325,7080.246166666668,8550.0,53116.64994999999,19676.2787037037,14615.0073,32440.049387815,1450.0717666666665
matched_milp,2025-05-20,4013.2453018296283,8550.0,7950.0,57353.55547057613,17716.635020576126,14890.474366666667,34654.81664424908,1471.0637833333333
matched_milp,2025-05-21,4133.193684251192,7950.0,7950.0,54668.38152469136,17398.769691358022,14093.003449999998,33691.87197921345,1485.40175
matched_milp,2025-05-22,4089.417794324437,7950.0,5289.417794324438,51294.7786006897,15119.325100689703,14641.177316666666,31896.018425022143,1467.35
matched_milp,2025-05-23,4065.512697371595,5289.417794324438,5265.512697371595,26671.743398854218,15183.90299707955,12320.476014891994,13556.594620296508,1289.79975
matched_milp,2025-05-24,4041.607600418752,5265.512697371595,6673.143042037036,28155.771202406715,16747.93671337448,12298.961427634433,14035.398755702026,1292.36935
matched_milp,2025-05-25,4017.7025034659096,6673.143042037036,8550.0,53945.5266,19533.395549999997,14132.879133333332,32955.440775120005,1445.1371333333332
matched_milp,2025-05-26,3993.7974065130675,8550.0,7896.892143333336,57409.969927370366,17989.126570370372,15158.989592999998,34509.81983662634,1454.7166666666667
matched_milp,2025-05-27,4065.512697371595,7896.892143333336,8550.0,53467.847649999996,18366.7541,14289.273749999997,32527.567019535,1485.3033333333333
matched_milp,2025-05-28,4041.607600418752,8550.0,8550.0,55860.25418950617,18875.947839506174,15289.517749999999,33603.98954908784,1450.7645333333332
matched_milp,2025-05-29,4133.193684251192,8550.0,5333.193684251192,54251.22449061243,15980.140393612433,15839.039402999997,33409.53274806785,1439.4694
matched_milp,2025-05-30,4264.521354031458,5333.193684251192,5464.521354031458,27007.193110875545,15405.023726701618,12359.874315826073,13774.500449339079,1295.4807999999998
matched_milp,2025-05-31,4220.745464104703,5464.521354031458,8550.0,30318.358535538355,18864.49958333333,12503.31388112831,14914.755905626951,1285.6
matched_milp,2025-06-01,4265.895138833866,8550.0,8550.0,75357.98791831275,21753.48220164609,17620.32058333333,46016.388147163554,1566.6560166666666
matched_milp,2025-06-02,4330.377254100176,8550.0,8550.0,72824.12640205762,22017.468168724277,17834.149216666665,45121.80754571487,1560.7984
matched_milp,2025-06-03,4519.702245491884,8550.0,8550.0,72370.41353168723,21989.71946502058,17811.672766666667,44484.303375920244,1553.8999999999999
matched_milp,2025-06-04,4537.1816391396305,8550.0,8550.0,73729.06518888888,21493.70722222222,17409.90285,44931.6508862194,1575.0506999999998
matched_milp,2025-06-05,4678.783634168619,8550.0,5878.783634168619,72481.36496862356,19663.90358529023,18331.85663333333,45008.28971441368,1554.7802666666666
matched_milp,2025-06-06,4817.604020711914,5878.783634168619,6017.604020711914,36190.06948559481,16019.560023013233,12850.905270751757,20824.481017956365,1397.5983333333334
matched_milp,2025-06-07,4826.7385889025845,6017.604020711914,8550.0,37704.48124802594,18833.333333333332,12975.843618640723,20958.334934766917,1389.995
matched_milp,2025-06-08,5006.369593302746,8550.0,8550.0,68837.21361522633,19222.580781892997,15570.290433333334,42659.910588259445,1554.1
matched_milp,2025-06-09,4946.492591836025,8550.0,8550.0,75145.91841063375,22174.76672263374,17961.561045333336,46490.76551998389,1577.5738833333332
matched_milp,2025-06-10,4886.615590369305,8550.0,8550.0,75864.92148415637,22349.88026748971,18103.403016666663,46579.991663590554,1573.1816666666666
matched_milp,2025-06-11,4826.7385889025845,8550.0,8550.0,80551.369136214,23510.120102880654,19043.197283333335,50330.01698852465,1566.6487
matched_milp,2025-06-12,4823.693732839028,8550.0,6023.693732839028,74007.76850747546,20152.90902414213,18597.531949999997,46373.317862340155,1567.8449999999998
matched_milp,2025-06-13,4820.648876775471,6023.693732839028,6020.648876775471,34439.597236862064,16040.05408119085,12995.18417622179,19625.398456585477,1393.9016666666666
matched_milp,2025-06-14,4817.604020711914,6020.648876775471,8550.0,37359.9300942354,18833.333333333332,12978.583989097924,20739.413465131256,1442.3211499999998
matched_milp,2025-06-15,4814.559164648356,8550.0,8550.0,74870.30766666666,22333.333333333332,18090.0,45824.25096897667,1540.6395499999999
matched_milp,2025-06-16,4746.671399408488,8550.0,8550.0,77041.00669101851,22878.70460185185,18531.750727499995,47547.22013669848,1542.8973666666666
matched_milp,2025-06-17,4678.783634168619,8550.0,8550.0,79029.95067901234,23120.734012345674,18727.79455,48959.78145417487,1579.2561166666665
matched_milp,2025-06-18,4610.895868928749,8550.0,8550.0,75093.52139444444,21921.739444444444,17756.60895,46017.165622875946,1544.4592833333331
matched_milp,2025-06-19,4543.00810368888,8550.0,5743.00810368888,69325.03404710288,18904.3292304362,17838.79938333333,43322.240595751864,1532.3413333333333
matched_milp,2025-06-20,4537.1816391396305,5743.00810368888,5737.1816391396305,32684.27333905737,15707.979599044033,12728.707293319992,18313.103248800842,1386.0283333333332
matched_milp,2025-06-21,4531.355174590382,5737.1816391396305,8550.0,35737.229641440994,18833.333333333332,12723.463475225664,19119.40430490012,1386.1983333333333
matched_milp,2025-06-22,4525.528710041133,8550.0,8550.0,71419.90716419753,20855.610864197526,16893.044799999996,43818.27402285281,1564.7422499999998
matched_milp,2025-06-23,4519.702245491884,8550.0,8550.0,71213.11094300411,21851.710226337447,17699.885283333333,44168.80844942335,1521.4003833333331
matched_milp,2025-06-24,4456.593915027982,8550.0,8550.0,80710.86312037037,23379.32037037037,18937.249499999998,50036.3051138663,1566.1083333333331
matched_milp,2025-06-25,4531.355174590382,8550.0,8550.0,74689.18837566665,22377.7211,18125.954091,45514.6793161861,1565.7066666666665
matched_milp,2025-06-26,4610.895868928749,8550.0,5810.895868928749,68602.63959056485,18528.681448398194,17473.425691166663,42683.172555698315,1542.1433333333332
matched_milp,2025-06-27,4543.00810368888,5810.895868928749,5743.00810368888,31929.302399840657,15714.453448543198,12789.806282035875,17673.387520560103,1359.7356833333333
matched_milp,2025-06-28,4537.1816391396305,5743.00810368888,8550.0,35641.88672334667,18833.333333333332,12728.707293319992,19135.42319559185,1387.1583333333333
matched_milp,2025-06-29,4573.779700339162,8550.0,8550.0,73432.04752674897,21917.257860082304,17752.978866666665,44667.13897941987,1538.4532333333332
matched_milp,2025-06-30,4657.053263904172,8550.0,8550.0,73965.5016668354,21514.829913168724,17427.01222966666,45213.259223298424,1558.0366666666666
matched_milp,2025-07-01,4814.559164648356,8550.0,8550.0,83048.94832773661,22012.654181069956,17830.24988666667,51718.66262056256,1654.7068666666667
matched_milp,2025-07-02,4823.693732839028,8550.0,8550.0,76674.80568888888,19842.312222222223,16072.2729,47971.576204029996,1677.3904166666666
matched_milp,2025-07-03,4946.492591836025,8550.0,6146.492591836025,81402.91500965937,20029.751282492707,18387.255206166665,51481.00550018715,1670.6636166666667
matched_milp,2025-07-04,5114.422507914078,6146.492591836025,6314.422507914078,41899.372009474326,16349.358342126756,13091.843332652423,24459.6050855242,1508.8333333333333
matched_milp,2025-07-05,5258.950247347911,6314.422507914078,8550.0,44744.123009544,18833.333333333336,13242.980257122668,25793.179505799344,1498.73
matched_milp,2025-07-06,5210.774334203299,8550.0,8550.0,84210.76863950618,23246.24783950617,18829.46075,53079.16988061766,1666.5983333333334
matched_milp,2025-07-07,5162.598421058689,8550.0,8550.0,77134.55714629628,19605.65462962963,15880.58025,48169.22962264833,1720.8883333333333
matched_milp,2025-07-08,5114.422507914078,8550.0,8550.0,79827.89146666667,22402.655000000002,18146.15055,50465.7387628,1639.3980499999998
matched_milp,2025-07-09,5066.246594769466,8550.0,8550.0,78126.35943106996,21408.60218106996,17340.967766666665,48912.12410227354,1646.2616666666665
matched_milp,2025-07-10,5036.829015987531,8550.0,6236.829015987531,74285.32193566515,18492.381252331827,17060.682699999998,47487.131220324125,1689.045
matched_milp,2025-07-11,5007.411437205596,6236.829015987531,6207.411437205596,41857.72665472855,16230.457152450661,13173.14611438878,24335.004943325213,1477.378333333333
matched_milp,2025-07-12,5114.422507914078,6207.411437205596,8550.0,44787.153873181625,18833.33333333333,13146.670293485035,25816.810291960355,1535.5549999999998
matched_milp,2025-07-13,5066.246594769466,8550.0,8550.0,73134.25132777778,20350.162777777776,16483.631849999998,46579.56519671259,1666.8589166666666
matched_milp,2025-07-14,5036.829015987531,8550.0,8550.0,75491.74679156378,19389.82934156379,15705.761766666665,47715.78387926043,1654.725
matched_milp,2025-07-15,5007.411437205596,8550.0,8550.0,76481.49049670782,19644.42059670782,15911.980683333333,47994.86139504185,1642.2849999999999
matched_milp,2025-07-16,4977.993858423662,8550.0,8550.0,75858.8371201646,19601.44072016461,15877.166983333333,47800.140982253215,1694.3766666666666
matched_milp,2025-07-17,4948.576279641727,8550.0,6148.576279641727,74108.58230124801,18681.303067914676,17293.13683333333,47387.7905057056,1644.3083333333334
matched_milp,2025-07-18,4918.116856956941,6148.576279641727,6118.116856956941,40563.30556716349,16131.240952174378,13093.718651677555,23618.81617516499,1500.675
matched_milp,2025-07-19,5007.411437205596,6118.116856956941,8550.0,43954.059562072085,18833.33333333333,13066.305171261247,25480.514413275105,1487.1200833333332
matched_milp,2025-07-20,4977.993858423662,8550.0,8550.0,75926.3621063786,20191.494156378605,16355.110266666665,47505.34498444377,1646.7456499999998
matched_milp,2025-07-21,4948.576279641727,8550.0,8550.0,77969.66336419753,20946.91586419753,16967.001849999997,48941.389992489814,1625.9532333333332
matched_milp,2025-07-22,4918.116856956941,8550.0,8550.0,77787.68139423867,21013.351460905353,17020.814683333334,48685.83693395362,1636.685
matched_milp,2025-07-23,4887.657434272155,8550.0,8550.0,78376.81931893004,21896.169485596707,17735.897283333332,49298.36520725273,1641.88875
matched_milp,2025-07-24,4857.19801158737,8550.0,6057.19801158737,74711.30298283369,17570.277749500365,16475.446766666668,47622.51560348027,1647.6149999999998
matched_milp,2025-07-25,4948.576279641727,6057.19801158737,6148.576279641727,40165.255357895505,16221.898771824137,13057.497563928633,23380.246767169585,1455.8
matched_milp,2025-07-26,4980.082047778546,6148.576279641727,8550.0,43247.32569832244,18833.33333333334,13093.718651677555,24780.044951199714,1473.3493999999998
matched_milp,2025-07-27,5028.415282630143,8550.0,8550.0,77932.90084279835,22356.37390946502,18108.662866666666,48698.47718416588,1639.0166666666667
matched_milp,2025-07-28,5114.422507914078,8550.0,8550.0,82114.41108644856,21892.283437448557,17732.749584333334,51278.89157335886,1659.5216666666665
matched_milp,2025-07-29,5258.950247347911,8550.0,8550.0,80192.23429979423,21699.93868312757,17576.950333333334,49853.747860390285,1629.0263166666666
matched_milp,2025-07-30,5210.774334203299,8550.0,8550.0,78223.50636851852,21685.538518518522,17565.2862,48943.60077711555,1623.9033333333332
matched_milp,2025-07-31,5162.598421058689,8550.0,6362.598421058689,76419.8535264294,19439.57200426274,17714.714744499997,48436.61328528592,1621.5668833333334
matched_milp,2025-08-01,5114.422507914078,6362.598421058689,6314.422507914078,39427.06356317393,16349.358342126754,13286.338578952818,22920.212125106016,1519.4666666666667
matched_milp,2025-08-02,5066.246594769466,6314.422507914078,7950.0,40974.63240954399,18166.666666666664,13242.980257122668,23576.38396940719,1456.4933333333333
matched_milp,2025-08-03,5047.330938699805,7950.0,8440.953208148148,67016.40092263374,19658.226589300408,15481.30565,43060.522323555735,1661.47895
matched_milp,2025-08-04,5028.415282630143,8440.953208148148,8550.0,69176.83103497942,19279.125468312755,15517.949516666667,44000.96346414308,1645.5158833333332
matched_milp,2025-08-05,5009.499626560482,8550.0,8550.0,68876.0422946502,19598.592427983534,15874.859866666668,43489.075856059135,1645.2833333333333
matched_milp,2025-08-06,4990.58397049082,8550.0,7950.0,71215.31015555555,19162.68888888889,16061.778,45345.13975536519,1625.3666666666666
matched_milp,2025-08-07,5047.330938699805,7950.0,6247.330938699805,65265.38562941953,17946.329129419537,16068.92875,42147.367902672275,1669.5553666666665
matched_milp,2025-08-08,5028.415282630143,6247.330938699805,6228.415282630143,38745.16158031477,16253.794758477936,13182.597844829825,22380.67344334923,1469.4433333333332
matched_milp,2025-08-09,5009.499626560482,6228.415282630143,8550.0,41710.51329563287,18833.33333333333,13165.573754367128,23701.12549117152,1467.0866666666666
matched_milp,2025-08-10,4990.58397049082,8550.0,8376.520793148144,68692.58502777776,18653.14349444444,15265.177516666667,43723.65603199082,1635.7883333333332
matched_milp,2025-08-11,5047.330938699805,8376.520793148144,8550.0,68587.25341790123,20367.730517901236,16341.730433333332,43591.585871158146,1643.6090666666666
matched_milp,2025-08-12,5162.598421058689,8550.0,8550.0,71382.07146604938,19060.672716049383,15439.1449,45486.44408873765,1647.3166666666666
matched_milp,2025-08-13,5291.374668716629,8550.0,8550.0,69737.23016941769,19032.898523251024,15416.647803833332,43974.49302123595,1622.3649999999998
matched_milp,2025-08-14,5349.392426355164,8550.0,6549.392426355164,67717.71052043578,18905.086070435776,17113.666533333333,43536.076944892935,1608.2719833333333
matched_milp,2025-08-15,5326.7818816033505,6549.392426355164,6526.7818816033505,39347.16920139518,16585.3132017815,13454.453183719645,22628.71476326565,1436.9283333333333
matched_milp,2025-08-16,5304.171336851537,6526.7818816033505,7950.0,40798.98977322365,18166.666666666664,13434.103693443016,23407.580647129525,1458.4716666666666
matched_milp,2025-08-17,5281.5607920997245,7950.0,8550.0,67589.31128024691,20441.67191358025,16017.754249999998,43310.74980751223,1620.355
matched_milp,2025-08-18,5258.950247347911,8550.0,7950.0,67599.33263518519,19711.66851851852,16506.451500000003,43315.4124308116,1629.6402833333332
matched_milp,2025-08-19,5210.774334203299,7950.0,8550.0,68610.3841053498,19751.17923868313,15458.455183333332,43779.33510617179,1619.5372166666666
matched_milp,2025-08-20,5162.598421058689,8550.0,8550.0,74779.07528353909,21728.33798353909,17599.953766666666,46842.3379511058,1595.34
matched_milp,2025-08-21,5281.5607920997245,8550.0,6481.5607920997245,67190.15601941121,16880.699069411217,15534.961533333335,43046.65006487539,1615.0133333333333
matched_milp,2025-08-22,5258.950247347911,6481.5607920997245,6458.950247347911,40158.71708971904,16509.944719275456,13393.404712889753,23574.28956212548,1492.2033333333331
matched_milp,2025-08-23,5210.774334203299,6458.950247347911,7950.0,41176.35376072021,18166.666666666664,13373.055222613119,23720.168705121767,1460.0616666666665
matched_milp,2025-08-24,5162.598421058689,7950.0,8550.0,68593.07168662551,21347.067736625515,16751.124866666665,44123.930412615744,1612.51775
matched_milp,2025-08-25,5114.422507914078,8550.0,8550.0,74660.17503744856,20458.358004115224,16571.26998333333,47183.34893254839,1619.9083333333333
matched_milp,2025-08-26,5258.950247347911,8550.0,8550.0,69437.12888415638,20570.05526748971,16661.744766666667,44332.652098094644,1601.9366666666665
matched_milp,2025-08-27,5210.774334203299,8550.0,8550.0,71917.1886526749,21068.630452674894,17065.590666666667,45818.858935861856,1588.3809999999999
matched_milp,2025-08-28,5162.598421058689,8550.0,6362.598421058689,72345.59600138207,18665.591784715412,17087.790766666665,45904.07019073382,1653.5783333333334
matched_milp,2025-08-29,5281.5607920997245,6362.598421058689,6481.5607920997245,40178.466117824646,16535.06754677747,13286.33857895282,23400.46825944817,1450.1355166666665
matched_milp,2025-08-30,5258.950247347911,6481.5607920997245,8550.0,42255.45208711024,18833.33333333333,13393.40471288975,24401.76360702602,1479.915
matched_milp,2025-08-31,5210.774334203299,8550.0,7950.0,69882.7517641111,19874.361477777777,16638.232796999997,44695.333958852396,1619.985
matched_milp,2025-09-01,5162.598421058689,7950.0,8550.0,57818.80780761317,19498.280390946504,15253.607116666666,35724.91998748907,1495.64015
matched_milp,2025-09-02,5114.422507914078,8550.0,7950.0,57346.722127983536,20152.45409465021,16863.487816666668,35570.84620893187,1488.7209833333332
matched_milp,2025-09-03,5066.246594769466,7950.0,7950.0,59124.966148559666,18827.625781893003,15250.376883333332,37086.7646651055,1516.15715
matched_milp,2025-09-04,5047.330938699805,7950.0,6247.330938699805,56070.58679011912,18281.659273452453,16340.546166666667,35833.34185965611,1477.35
matched_milp,2025-09-05,5028.415282630143,6247.330938699805,6228.415282630143,30411.494696981445,16253.794758477936,13182.597844829825,16418.08773286757,1330.0733333333333
matched_milp,2025-09-06,5009.499626560482,6228.415282630143,8550.0,33416.560712299535,18833.333333333332,13165.57375436713,17655.75385960485,1301.1376833333334
matched_milp,2025-09-07,4990.58397049082,8550.0,8550.0,58857.36865411523,20507.289670781895,16610.90463333333,36266.64166294162,1460.5183333333332
matched_milp,2025-09-08,5047.330938699805,8550.0,7950.0,62527.98386630041,19328.49648930041,16196.082156333332,38776.57012511654,1471.2166666666667
matched_milp,2025-09-09,5162.598421058689,7950.0,8550.0,58877.79364485596,20730.608744855967,16251.793083333332,37057.813038128574,1467.6823499999998
matched_milp,2025-09-10,5281.5607920997245,8550.0,8355.330092592594,65235.286940946506,21549.953724279832,17630.66543333333,39903.764865602156,1494.6366666666665
matched_milp,2025-09-11,5349.392426355164,8355.330092592594,6549.392426355164,56370.298379283515,19110.43602928351,17104.79708333333,35714.95415541787,1456.6951833333333
matched_milp,2025-09-12,5378.834056205879,6549.392426355164,6578.834056205879,31812.680267620213,16643.148951339866,13454.453183719646,17176.56365875165,1319.9583666666665
matched_milp,2025-09-13,5369.020179588974,6578.834056205879,8550.0,33914.31326608137,18833.333333333332,13480.950650585291,18167.78469062955,1321.0989666666665
matched_milp,2025-09-14,5359.20630297207,8550.0,8550.0,64105.07185226337,21082.879485596706,17077.13238333333,39402.10105271438,1491.8466666666666
matched_milp,2025-09-15,5388.647932822785,8550.0,8550.0,59907.25958703704,21479.043703703705,17398.0254,37471.696041827774,1466.8836666666666
matched_milp,2025-09-16,5416.607776663689,8550.0,8550.0,63433.868375720165,20747.886275720164,16805.78788333333,39239.67298603919,1500.06695
matched_milp,2025-09-17,5436.711408098175,8550.0,8550.0,64015.41320404115,21343.65686337449,17288.362059333333,39388.24419538109,1521.5113833333332
matched_milp,2025-09-18,5464.022231663294,8550.0,6664.022231663294,60929.2794890909,19318.9913890909,17345.763016666664,38240.66357177495,1474.2512166666666
matched_milp,2025-09-19,5447.495091585694,6664.022231663294,6647.495091585694,32187.926115487135,16719.43899065077,13557.620008496966,17490.604999493175,1340.44805
matched_milp,2025-09-20,5442.1032498419345,6647.495091585694,8550.0,34486.58218423954,18833.33333333333,13542.745582427124,18488.594291948277,1312.8149999999998
matched_milp,2025-09-21,5436.711408098175,8550.0,8550.0,62151.67660246913,20337.837469135804,16473.648350000003,38596.07366490389,1457.7166666666667
matched_milp,2025-09-22,5431.319566354416,8550.0,8550.0,64684.90991255144,21425.736995884774,17354.846966666664,40010.081478318956,1492.6016666666665
matched_milp,2025-09-23,5425.927724610657,8550.0,8550.0,66265.42130905349,21835.81960905349,17687.013883333333,41311.88255747086,1480.54
matched_milp,2025-09-24,5416.607776663689,8550.0,8550.0,65116.558433333325,21333.33333333333,17280.0,40237.51740811333,1455.3199666666665
matched_milp,2025-09-25,5407.2878287167205,8550.0,6607.2878287167205,62254.235280261375,19301.19649692804,17382.410116666666,39075.1558020029,1497.2666666666664
matched_milp,2025-09-26,5397.967880769752,6607.2878287167205,6597.967880769752,31841.366477232452,16664.408756410834,13506.559045845048,17158.160234767627,1322.4666666666667
matched_milp,2025-09-27,5388.647932822785,6597.967880769752,8550.0,35836.860240640555,18833.333333333332,13498.171092692777,19471.057035970905,1313.9838333333332
matched_milp,2025-09-28,5378.834056205879,8550.0,8550.0,67597.98958086419,21633.475864197528,17523.115449999998,41590.90841054703,1452.1591166666665
matched_milp,2025-09-29,5369.020179588974,8550.0,8550.0,66851.27314876542,21533.587098765427,17442.20555,41507.79451192685,1461.0614833333332
matched_milp,2025-09-30,5359.20630297207,8550.0,8550.0,69623.07678078394,22110.010600617286,17909.1085865,43355.7081955733,1469.9950666666666
matched_milp,2025-10-01,5349.392426355164,8550.0,8550.0,56393.58967777777,21411.214444444442,17343.0837,34287.465348695,1416.6635333333334
matched_milp,2025-10-02,5326.7818816033505,8550.0,6526.7818816033505,54159.5302017815,19085.313201781497,17280.0,33272.04975817869,1424.8103166666665
matched_milp,2025-10-03,5304.171336851537,6526.7818816033505,6504.171336851537,28976.4308641698,16560.19037427949,13434.103693443014,14671.944931489628,1265.8649999999998
matched_milp,2025-10-04,5281.5607920997245,6504.171336851537,8550.0,32754.028180166948,18833.333333333332,13413.754203166382,16518.985086514826,1251.5236666666665
matched_milp,2025-10-05,5258.950247347911,8550.0,8550.0,58789.29439999999,21333.333333333332,17280.0,35667.06879065333,1422.4213333333332
matched_milp,2025-10-06,5210.774334203299,8550.0,8550.0,61798.99398333333,21399.39333333333,17333.5086,37520.36206902,1435.0484833333333
matched_milp,2025-10-07,5162.598421058689,8550.0,8550.0,61835.54817119341,21389.39563786008,17325.410466666664,37530.83880441599,1428.0693166666665
matched_milp,2025-10-08,5114.422507914078,8550.0,8550.0,60531.829,21333.333333333332,17280.0,36749.94409325833,1410.6536333333333
matched_milp,2025-10-09,5066.246594769466,8550.0,6266.246594769466,57282.253355093635,18829.735455093643,17307.463783333333,35692.88150079393,1448.82235
matched_milp,2025-10-10,5047.330938699805,6266.246594769466,6247.330938699805,30742.53248548504,16274.812154110896,13199.621935292518,15831.675512368334,1274.61
matched_milp,2025-10-11,5028.415282630143,6247.330938699805,8550.0,33343.00765517017,18833.33333333333,13182.597844829825,17000.989552490042,1259.72535
matched_milp,2025-10-12,5114.422507914078,8550.0,8550.0,62580.96977983538,21400.07261316872,17334.058816666664,38021.05435305302,1425.445
matched_milp,2025-10-13,5258.950247347911,8550.0,8550.0,61114.19853292181,21509.49069958848,17422.68746666667,37507.42072501006,1426.4457666666665
matched_milp,2025-10-14,5210.774334203299,8550.0,8550.0,64842.445810082296,21413.771193415636,17345.154666666665,39742.83630644265,1445.9582166666664
matched_milp,2025-10-15,5304.171336851537,8550.0,8550.0,66053.31917530864,21754.186975308643,17620.89145,40057.975682512035,1427.2095166666666
matched_milp,2025-10-16,5359.20630297207,8550.0,6559.20630297207,64961.27771359036,19929.0478469237,17934.243083333335,40410.05980712529,1420.9884166666666
matched_milp,2025-10-17,5388.647932822785,6559.20630297207,6588.647932822785,31067.09228601712,16654.053258691984,13463.285672674863,16083.61172164191,1273.13285
matched_milp,2025-10-18,5378.834056205879,6588.647932822785,8550.0,33481.47269379282,18833.33333333334,13489.783139540508,17099.504528065183,1257.7576666666664
matched_milp,2025-10-19,5369.020179588974,8550.0,8550.0,68133.7087399177,22357.822139917695,18109.835933333336,41924.63810504257,1423.0616666666665
matched_milp,2025-10-20,5359.20630297207,8550.0,8550.0,68615.46404382716,21972.00882716049,17797.32715,42142.20856771132,1464.7500499999999
matched_milp,2025-10-21,5349.392426355164,8550.0,8550.0,70677.72674855967,22184.97578189301,17969.830383333334,43059.91993700751,1472.1466
matched_milp,2025-10-22,5326.7818816033505,8550.0,8550.0,69794.23491975309,22312.306419753084,18072.9682,42968.99867734204,1428.2568833333332
matched_milp,2025-10-23,5304.171336851537,8550.0,6504.171336851537,65267.58610493792,19628.078254937922,17739.98918333333,40527.739427155735,1429.8303666666666
matched_milp,2025-10-24,5281.5607920997245,6504.171336851537,6481.5607920997245,32496.90231365025,16665.792213650253,13519.641183333333,17069.530515525177,1289.4083333333333
matched_milp,2025-10-25,5258.950247347911,6481.5607920997245,8550.0,34369.20443711024,18833.333333333332,13393.404712889755,17794.208872313236,1258.732
matched_milp,2025-10-26,5210.774334203299,8550.0,8550.0,68705.41769341564,21900.556193415636,17739.450516666664,41975.65463842265,1425.0093833333333
matched_milp,2025-10-27,5162.598421058689,8550.0,8550.0,67760.32666687242,22146.026316872427,17938.281316666667,41967.0421992608,1449.4087166666666
matched_milp,2025-10-28,5114.422507914078,8550.0,8550.0,70170.6473248971,22095.92434156378,17897.698716666666,43144.80167024472,1426.3429666666666
matched_milp,2025-10-29,5066.246594769466,8550.0,8550.0,73726.55694979423,23233.15868312757,18818.858533333325,45465.00317627893,1445.4408166666667
matched_milp,2025-10-30,5210.774334203299,8550.0,6410.774334203299,66600.84354561682,19675.415762283497,17862.389866666665,41574.8588305088,1421.3671333333332
matched_milp,2025-10-31,5162.598421058689,6410.774334203299,6362.598421058689,32938.45132407801,16831.31989074467,13676.727433333333,17369.02513144382,1239.9145833333332
matched_milp,2025-11-01,5114.422507914078,6362.598421058689,8550.0,35244.2105093175,19203.611692650833,13586.264050000002,18157.15292474292,1249.7491666666665
matched_milp,2025-11-02,5066.246594769466,8550.0,8550.0,73226.19619917695,23314.801399176948,18884.989133333333,45218.24251368738,1412.7779999999998
matched_milp,2025-11-03,5047.330938699805,8550.0,8550.0,73796.8977446502,22589.30242798354,18297.334966666665,45201.316478209585,1431.35865
matched_milp,2025-11-04,5028.415282630143,8550.0,8550.0,71880.35123621399,22633.04843621399,18332.769233333333,44476.879513259075,1427.9447833333334
matched_milp,2025-11-05,5009.499626560482,8550.0,8550.0,74078.56665987655,23160.771543209874,18760.224949999996,45646.97331062635,1430.0086333333334
matched_milp,2025-11-06,4990.58397049082,8550.0,6974.635425925926,73947.3031393004,21029.193189300415,18451.4746,46196.70500983356,1472.7884166666665
matched_milp,2025-11-07,4980.082047778546,6974.635425925926,6305.258240740742,33210.857839711935,17197.36718106996,14532.306883333331,17374.70262822786,1286.85475
matched_milp,2025-11-08,4969.580125066273,6305.258240740742,8550.0,35652.05641666667,19666.666666666664,13909.732416666662,18405.634057515002,1290.1978
matched_milp,2025-11-09,4959.0782023540005,8550.0,8550.0,75862.54340288066,23766.98010288066,19251.25388333333,46969.028504571645,1394.4999333333333
matched_milp,2025-11-10,4948.576279641727,8550.0,8550.0,78298.82763416666,23370.444916666667,18930.0603825,48701.67072852842,1435.9452833333332
matched_milp,2025-11-11,4948.317164666111,8550.0,8550.0,75982.77200370369,23282.907037037035,18859.1547,47202.55660431426,1433.5924833333333
matched_milp,2025-11-12,4948.058049690497,8550.0,8550.0,75409.36156766665,23438.809566666663,18985.435748999997,46986.75484667343,1410.8358166666667
matched_milp,2025-11-13,4947.798934714881,8550.0,6611.1883148148145,74702.93572903909,21326.28910020576,19019.22468783333,46747.629629034855,1404.1349833333334
matched_milp,2025-11-14,4947.539819739266,6611.1883148148145,6972.489222222222,34507.874630246915,17913.876913580243,14185.069483333331,18228.90142697136,1286.2188833333332
matched_milp,2025-11-15,4939.6457912980595,6972.489222222222,8550.0,36347.90141666666,19703.02559670782,14539.691033333333,18903.865590633333,1291.4542166666665
matched_milp,2025-11-16,4931.751762856852,8550.0,8550.0,78887.54917666667,23436.86733333333,18983.862540000002,49366.80678965966,1410.611683333333
matched_milp,2025-11-17,4923.857734415645,8550.0,8550.0,77127.00834466667,23322.389533333335,18891.135522,48015.27881904406,1405.0583333333332
matched_milp,2025-11-18,4915.963705974438,8550.0,8550.0,79375.92077942386,23607.20497942387,19121.836033333333,49316.22933677354,1436.2451833333332
matched_milp,2025-11-19,4893.657426706475,8550.0,8550.0,79793.43360372016,23290.115809053495,18864.99380533333,49981.130290400775,1411.5616666666665
matched_milp,2025-11-20,4871.351147438511,8550.0,7129.72587037037,77724.82969619546,22157.89673436214,19226.1430715,48839.141825440274,1436.9590166666667
matched_milp,2025-11-21,4849.044868170548,7129.72587037037,7407.495199814816,35360.906522016456,18434.4555718107,14681.91661666667,18557.745762268845,1309.1783833333332
matched_milp,2025-11-22,4826.7385889025845,7407.495199814816,8550.0,36900.20013333333,19670.27235,14904.666283333332,19307.482208803332,1268.5879499999999
matched_milp,2025-11-23,4823.693732839028,8550.0,8550.0,79702.69901975308,23529.48808641975,19058.88535,49924.11508859938,1443.4781833333332
matched_milp,2025-11-24,4820.648876775471,8550.0,8550.0,78643.10567003908,23585.06300020576,19103.901030166664,49042.42073908186,1436.0863666666664
matched_milp,2025-11-25,4817.604020711914,8550.0,8550.0,80589.32838416666,23266.67325,18846.005332499997,50375.96192036159,1426.72865
matched_milp,2025-11-26,4814.559164648356,8550.0,8550.0,81234.70244506173,23563.345061728392,19086.309500000003,50874.43492339771,1428.0194666666666
matched_milp,2025-11-27,4777.6176087202575,8550.0,7669.218666666666,79302.53617154731,22707.087569547322,19185.444131333334,49889.626518036115,1426.8325333333332
matched_milp,2025-11-28,4740.676052792158,7669.218666666666,7950.0,36009.39961666666,19000.0,15137.296799999996,19035.812610951667,1282.5178999999998
matched_milp,2025-11-29,4703.734496864057,7950.0,8550.0,39161.4330436214,19431.48917695474,15199.506233333334,20260.257787778704,1286.0967666666666
matched_milp,2025-11-30,4814.559164648356,8550.0,8550.0,84940.29718230452,24712.995082304522,20017.526016666663,53385.675090038145,1444.2951166666664
matched_milp,2025-12-01,4777.6176087202575,8550.0,8550.0,91017.26106666666,24833.33333333333,20115.0,57805.03709014666,1502.9157166666664
matched_milp,2025-12-02,4820.648876775471,8550.0,8550.0,93375.21433004114,24933.707263374483,20196.302883333334,59588.25453445133,1544.6716833333332
matched_milp,2025-12-03,4849.044868170548,8550.0,8550.0,91922.41868312756,25050.895349794235,20291.225233333334,58013.082802154975,1533.011633333333
matched_milp,2025-12-04,4915.963705974438,8550.0,8550.0,91489.54208333333,24833.33333333333,20115.0,58256.91453353166,1498.9384166666666
matched_milp,2025-12-05,4893.657426706475,8550.0,8550.0,45335.65390761317,21179.0853909465,17155.059166666666,23461.766639015554,1364.9375499999999
matched_milp,2025-12-06,4871.351147438511,8550.0,8550.0,47688.542051851844,21178.480185185184,17154.56895,24625.461796797223,1353.6572833333332
matched_milp,2025-12-07,4849.044868170548,8550.0,8550.0,92423.8346537037,25111.3337037037,20340.1803,58741.27818103037,1534.76615
matched_milp,2025-12-08,4826.7385889025845,8550.0,8550.0,92623.64911625514,25139.147366255143,20362.70936666667,58736.183073184955,1520.3649166666664
matched_milp,2025-12-09,4823.693732839028,8550.0,8550.0,92205.61287078189,25353.466337448557,20536.307733333335,58893.959971937074,1540.1431499999999
matched_milp,2025-12-10,4820.648876775471,8550.0,8550.0,93163.12858209875,25134.263765432097,20358.753649999995,58989.50449416987,1510.8547166666665
matched_milp,2025-12-11,4817.604020711914,8550.0,8550.0,90679.58803333333,24833.33333333333,20115.0,57482.987833313324,1504.3203666666668
matched_milp,2025-12-12,4814.559164648356,8550.0,8550.0,47708.384948559666,21020.90244855967,17026.930983333332,24585.806501343824,1363.7922333333331
matched_milp,2025-12-13,4777.6176087202575,8550.0,8550.0,47858.43843744855,21367.92133744856,17308.01628333333,24654.289480364198,1361.0972166666666
matched_milp,2025-12-14,4740.676052792158,8550.0,8550.0,93556.99209938271,25148.79104938271,20370.52075,59590.743568288264,1543.4112999999998
matched_milp,2025-12-15,4703.734496864057,8550.0,8550.0,94215.96317448559,24981.08004115226,20234.674833333334,59895.01004783077,1543.9644833333332
matched_milp,2025-12-16,4666.7929409359585,8550.0,8550.0,94136.42466666666,24833.33333333333,20115.0,59962.79780518999,1530.512533333333
matched_milp,2025-12-17,4662.7679190586505,8550.0,8550.0,92921.96995473251,24895.383621399174,20165.260733333333,58878.158255963805,1559.6608
matched_milp,2025-12-18,4658.742897181343,8550.0,8550.0,92109.22577777777,24962.941111111108,20219.9823,58776.44146529444,1548.0133833333332
matched_milp,2025-12-19,4654.717875304035,8550.0,8550.0,46936.13071069958,21198.628477366256,17170.889066666663,24400.701967733396,1335.8209666666667
matched_milp,2025-12-20,4650.692853426727,8550.0,8550.0,46925.29061172839,21415.46506172839,17346.526699999995,24278.965372309074,1380.31495
matched_milp,2025-12-21,4639.157464317406,8550.0,8550.0,93770.21493971194,24907.54248971193,20175.109416666666,59664.196780370636,1541.0212499999998
matched_milp,2025-12-22,4627.622075208085,8550.0,8550.0,93717.15750144032,25156.47588477366,20376.745466666667,59682.19568024513,1578.759583333333
matched_milp,2025-12-23,4616.086686098764,8550.0,8550.0,92029.1718604938,25110.94382716049,20339.864499999996,58400.64965968938,1493.5227833333333
matched_milp,2025-12-24,4604.5512969894435,8550.0,8550.0,92625.16345617283,25108.44283950617,20337.8387,59099.01425057728,1525.278683333333
matched_milp,2025-12-25,4597.649916454431,8550.0,8550.0,92538.86110452673,24875.855637860084,20149.443066666667,58803.76504700544,1516.4900166666666
matched_milp,2025-12-26,4590.748535919418,8550.0,8550.0,47107.00175061727,21575.68061728395,17476.3013,24304.071799470737,1372.76305
matched_milp,2025-12-27,4583.847155384404,8550.0,8550.0,47342.398707201646,21071.524423868315,17067.934783333334,24488.993080448083,1345.6349
matched_milp,2025-12-28,4576.9457748493915,8550.0,8550.0,91472.01190658435,24540.827139917696,19878.069983333335,58018.34713314518,1538.0549666666666
matched_milp,2025-12-29,4568.461357059263,8550.0,8550.0,92277.42923991769,25019.27880658436,20265.615833333333,58322.617138365655,1539.6315
matched_milp,2025-12-30,4559.976939269136,8550.0,8550.0,90890.86105823045,24560.307674897114,19893.849216666666,57679.01261575482,1530.4154666666666
matched_milp,2025-12-31,4551.492521479007,8550.0,5751.492521479007,90296.66558230176,21941.575682301773,20291.33303333333,58209.38764584984,1555.2350999999999
lp_lower,2025-02-01,0.0,10800.0,8550.0,35894.52295783333,18638.668549999995,17122.321525499996,18836.42855326578,1265.1299999999999
lp_lower,2025-02-02,0.0,8550.0,8550.0,82850.75756028807,23655.155843621396,19160.67623333333,51615.651661614895,1466.8280333333332
lp_lower,2025-02-03,0.0,8550.0,8550.0,84738.34209794237,23796.976831275715,19275.55123333333,52905.16960432668,1497.5100666666665
lp_lower,2025-02-04,0.0,8550.0,8550.0,85886.5745849794,24693.213868312756,20001.503233333333,53854.12241810629,1488.6973333333333
lp_lower,2025-02-05,0.0,8550.0,8550.0,85326.53203641974,24095.289753086414,19517.1847,53218.16007746389,1517.8923166666666
lp_lower,2025-02-06,0.0,8550.0,7950.0,84237.52819999999,23718.26833333333,19751.79735,52629.37652486999,1462.6335333333332
lp_lower,2025-02-07,0.0,7950.0,7826.578462962963,37164.6442154321,19670.038765432102,16043.810783333329,19219.345460499055,1345.1046499999998
lp_lower,2025-02-08,0.0,7826.578462962963,8550.0,36953.79113333333,19666.666666666664,15278.920616666663,19056.255474570004,1351.8087
lp_lower,2025-02-09,0.0,8550.0,8550.0,84164.65257839506,24259.140061728387,19649.903449999998,52313.5485807011,1471.03235
lp_lower,2025-02-10,0.0,8550.0,8550.0,78754.46615202674,23304.36088786008,18876.53231916667,48572.12800060578,1489.25065
lp_lower,2025-02-11,0.0,8550.0,8550.0,79653.054687,23328.723966666665,18896.266412999998,49392.44003884996,1477.0516333333333
lp_lower,2025-02-12,0.0,8550.0,8550.0,79728.79091229217,23484.498836625513,19022.444057666668,49571.58238381817,1488.9176499999999
lp_lower,2025-02-13,0.0,8550.0,7517.340111111111,74585.35905925924,22027.757592592585,18771.877549999997,45963.52190410419,1500.5378833333332
lp_lower,2025-02-14,0.0,7517.340111111111,7139.840037037036,35041.651630041146,18099.822263374484,15000.606099999997,18174.938547984115,1388.4762
lp_lower,2025-02-15,0.0,7139.840037037036,8550.0,36975.037599999996,19666.66666666667,14660.856033333333,19055.994591296665,1351.885283333333
lp_lower,2025-02-16,0.0,8550.0,8550.0,79784.84820833332,23197.205833333333,18789.736725000002,49247.42292625416,1479.6458499999999
lp_lower,2025-02-17,0.0,8550.0,8550.0,75551.92707839506,22989.810061728393,18621.74615,46157.12320020265,1474.5077999999999
lp_lower,2025-02-18,0.0,8550.0,8550.0,76516.32402233333,23289.138099999996,18864.201861,46864.25267735723,1476.2277
lp_lower,2025-02-19,0.0,8550.0,8550.0,77312.77026116668,23333.909883333334,18900.4670055,47739.39807026143,1442.47735
lp_lower,2025-02-20,0.0,8550.0,6944.709148148148,73500.46911687241,20800.511316872427,18293.175933333332,45375.17998942973,1504.6068166666664
lp_lower,2025-02-21,0.0,6944.709148148148,6654.11212962963,33880.4707218107,17560.124588477363,14485.238233333333,17319.3037068644,1389.0344166666664
lp_lower,2025-02-22,0.0,6654.11212962963,8550.0,36410.93378333333,19666.666666666664,14223.700916666665,18564.091379285,1327.5093166666666
lp_lower,2025-02-23,0.0,8550.0,8550.0,75879.23237716049,22880.940493827162,18533.5618,46338.76526318623,1466.5811333333331
lp_lower,2025-02-24,0.0,8550.0,8550.0,72455.76497551438,22382.7966255144,18130.065266666665,44252.16788968829,1458.2735833333331
lp_lower,2025-02-25,0.0,8550.0,8550.0,69963.59451893004,21801.427818930042,17659.156533333335,42736.35436229882,1477.1396166666666
lp_lower,2025-02-26,0.0,8550.0,8550.0,73051.7041063786,22299.242489711934,18062.386416666668,44485.605400694585,1460.1053333333332
lp_lower,2025-02-27,0.0,8550.0,6345.13612962963,68845.84264362139,20387.557510288065,18498.299066666666,42911.27222921779,1475.4655333333333
lp_lower,2025-02-28,0.0,6345.13612962963,5680.620925925927,32328.62907880658,16478.467695473257,13945.622516666666,16595.41047518535,1357.8169166666667
lp_lower,2025-03-01,0.0,5680.620925925927,8550.0,34949.3831,19686.9670781893,13364.002166666665,17808.539636611666,1305.5421999999999
lp_lower,2025-03-02,0.0,8550.0,8550.0,76899.62196117284,23901.657339506175,19360.342444999995,47111.07583996161,1441.2067
lp_lower,2025-03-03,0.0,8550.0,8550.0,76455.76642216666,23361.156783333332,18922.536994500002,47065.97950029356,1411.2584166666666
lp_lower,2025-03-04,0.0,8550.0,8550.0,73594.1394757716,23129.90285493827,18735.2213125,44676.41334995734,1446.0737
lp_lower,2025-03-05,0.0,8550.0,8550.0,70403.03592345679,22487.178456790127,18214.614550000002,42689.84761432364,1429.3018166666666
lp_lower,2025-03-06,0.0,8550.0,5047.424092592592,66310.10008641976,18535.601419753082,18166.155466666663,40904.50666754993,1461.882833333333
lp_lower,2025-03-07,0.0,5047.424092592592,5098.1196851851855,30529.119744650205,15831.244094650205,12777.681683333329,15725.584072533295,1254.6349999999998
lp_lower,2025-03-08,0.0,5098.1196851851855,8550.0,34652.60595,19666.666666666664,12823.307716666666,17412.084667186668,1288.0754333333332
lp_lower,2025-03-09,0.0,8550.0,8550.0,67505.11242860081,21955.723045267485,17784.135666666665,40910.612047846545,1405.9643333333333
lp_lower,2025-03-10,0.0,8550.0,8550.0,72193.89355473252,21851.69528806585,17699.873183333333,43532.21016815212,1422.6092166666665
lp_lower,2025-03-11,0.0,8550.0,8550.0,68151.60794423867,22172.04812757201,17959.35898333333,41099.989856562526,1438.2664999999997
lp_lower,2025-03-12,0.0,8550.0,8550.0,66583.05862057612,21829.07335390946,17681.549416666665,40245.98209753691,1443.5844499999998
lp_lower,2025-03-13,0.0,8550.0,4637.038925925926,67366.4968563786,17592.33582304527,17771.45698333333,41518.52581847753,1436.1918999999998
lp_lower,2025-03-14,0.0,4637.038925925926,4798.077074074074,29847.497832304525,15497.86341563786,12408.335033333333,15278.995724657509,1285.30525
lp_lower,2025-03-15,0.0,4798.077074074074,8550.0,34654.3661,19666.666666666664,12553.269366666664,17381.950424983334,1266.60275
lp_lower,2025-03-16,0.0,8550.0,8550.0,67534.66638634156,22019.049752674895,17835.430299666667,40551.36445867016,1418.9722833333333
lp_lower,2025-03-17,0.0,8550.0,8550.0,61920.60853230452,21381.458415637862,17318.981316666668,37247.899616759314,1416.1966666666665
lp_lower,2025-03-18,0.0,8550.0,8550.0,65242.80800020576,21667.62965020576,17550.780016666668,39276.32042704413,1406.415
lp_lower,2025-03-19,0.0,8550.0,8550.0,63589.13155226337,21703.479485596705,17579.81838333333,38284.34975361882,1422.4213166666666
lp_lower,2025-03-20,0.0,8550.0,4352.866148148149,61658.562881069956,16984.323847736625,17534.72278333333,37960.40928873144,1408.7633999999998
lp_lower,2025-03-21,0.0,4352.866148148149,4141.371203703703,28917.893976337444,14768.19022633745,12152.579533333334,14653.315410862097,1298.0601166666665
lp_lower,2025-03-22,0.0,4141.371203703703,8550.0,33782.89701666666,19666.666666666664,11962.234083333331,16674.76356001,1294.4297333333332
lp_lower,2025-03-23,0.0,8550.0,8550.0,62823.96558292182,21338.134032921807,17283.88856666666,37594.42974754007,1419.8
lp_lower,2025-03-24,0.0,8550.0,8550.0,62125.47424074073,21720.932407407407,17593.95525,37314.307414938885,1433.2084499999999
lp_lower,2025-03-25,0.0,8550.0,8550.0,65038.54288312757,21517.990349794236,17429.572183333334,39019.92464227919,1426.8686166666666
lp_lower,2025-03-26,0.0,8550.0,8550.0,59645.88819999999,21333.333333333325,17280.0,35817.54105611666,1460.6330833333332
lp_lower,2025-03-27,0.0,8550.0,4177.778703703703,57924.340168312745,16538.683868312753,17331.3331,35512.7910220758,1426.0394666666666
lp_lower,2025-03-28,0.0,4177.778703703703,3720.396351851852,27855.993807613166,14300.440390946502,11995.000833333332,13990.644951787715,1295.912283333333
lp_lower,2025-03-29,0.0,3720.396351851852,8550.0,33807.68401666666,19666.66666666666,11583.356716666669,16669.65501001666,1276.1354666666666
lp_lower,2025-03-30,0.0,8550.0,8550.0,59444.95874197531,21575.46864197531,17476.1296,35444.95398041283,1430.89825
lp_lower,2025-03-31,0.0,8550.0,8550.0,60835.701971604925,20443.749938271598,16559.437449999998,36370.4213916103,1438.9206
lp_lower,2025-04-01,0.0,8550.0,8550.0,64105.87067716049,20510.62716049383,16613.608,37961.27318166371,1457.5856666666666
lp_lower,2025-04-02,0.0,8550.0,8550.0,64488.66873333333,21333.33333333333,17280.0,38216.598857385,1455.1320833333332
lp_lower,2025-04-03,0.0,8550.0,3606.3215740740734,54445.67067242798,15955.005205761314,17372.864799999996,33594.421242186785,1426.0672333333332
lp_lower,2025-04-04,0.0,3606.3215740740734,3260.977148148148,26868.3594590535,13789.974609053499,11480.689416666664,13321.72428616066,1274.8327833333333
lp_lower,2025-04-05,0.0,3260.977148148148,8550.0,33465.063883333336,19666.66666666666,11169.879433333334,16297.575899305,1289.8579666666665
lp_lower,2025-04-06,0.0,8550.0,8550.0,58379.05006522633,20889.335781893,16920.361983333336,34852.02837279969,1422.6592166666665
lp_lower,2025-04-07,0.0,8550.0,8550.0,57177.76261604938,20710.754382716048,16775.71105,33958.95224917645,1428.1666666666665
lp_lower,2025-04-08,0.0,8550.0,8550.0,58406.62510493827,21333.849938271604,17280.41845,35137.089507819255,1431.2601833333333
lp_lower,2025-04-09,0.0,8550.0,8550.0,63187.48751790123,21332.507901234567,17279.331399999995,37238.70756652259,1422.556833333333
lp_lower,2025-04-10,0.0,8550.0,3223.8120185185185,52516.67939650205,14997.950946502056,16941.90945,32598.09448320162,1388.5137499999998
lp_lower,2025-04-11,0.0,3223.8120185185185,2682.215796296296,26321.49452366255,13146.90644032922,11136.430816666665,13013.029417890146,1294.1299833333333
lp_lower,2025-04-12,0.0,2682.215796296296,8550.0,32738.501749999996,19666.666666666668,10648.994216666666,15753.94667458,1271.506933333333
lp_lower,2025-04-13,0.0,8550.0,8550.0,58147.88091049383,20376.433827160494,16504.911399999997,34624.79007570389,1416.8289
lp_lower,2025-04-14,0.0,8550.0,7950.0,55805.157617833334,20090.135883333332,16813.0100655,33034.038139692595,1411.279
lp_lower,2025-04-15,0.0,7950.0,8550.0,54537.37061954732,20304.956769547323,15907.014983333334,32866.16202369414,1414.5166666666664
lp_lower,2025-04-16,0.0,8550.0,8550.0,59563.36727530863,19914.60697530864,16130.831650000002,35102.93013211191,1424.1525166666665
lp_lower,2025-04-17,0.0,8550.0,2727.3926296296295,50242.3601060144,13759.8125755144,16385.7948195,31174.389979913307,1409.9388166666665
lp_lower,2025-04-18,0.0,2727.3926296296295,2741.627314814815,25666.28595534979,13212.919238683127,10689.653366666666,12446.440387120843,1268.3483666666666
lp_lower,2025-04-19,0.0,2741.627314814815,8550.0,32054.0438,19666.666666666664,10702.46458333333,15093.971609000004,1281.7665833333333
lp_lower,2025-04-20,0.0,8550.0,7950.0,55257.645657407396,20210.004074074073,16910.103300000002,32737.786647871108,1403.2321666666667
lp_lower,2025-04-21,0.0,7950.0,8550.0,52854.12389259259,19985.33425925926,15648.120749999998,31572.724709740556,1436.5115666666666
lp_lower,2025-04-22,0.0,8550.0,8550.0,55926.29128930041,19859.79985596707,16086.437883333332,32993.91100117477,1416.1932333333332
lp_lower,2025-04-23,0.0,8550.0,7950.0,54442.546923456786,18855.94845679012,15813.31825,32147.691011750878,1439.3734166666666
lp_lower,2025-04-24,0.0,7950.0,2287.6129629629627,44725.74085699588,12894.683106995883,15540.841649999998,28127.77867238977,1409.2726833333331
lp_lower,2025-04-25,0.0,2287.6129629629627,2202.394148148148,24639.81693822016,12617.623359053501,10296.971854166668,11900.552328858543,1257.3859666666667
lp_lower,2025-04-26,0.0,2202.394148148148,7950.0,31601.91146666666,19000.0,10217.154733333335,15009.176395254995,1258.3383333333331
lp_lower,2025-04-27,0.0,7950.0,8550.0,53364.44722880657,20537.252695473253,16095.174683333333,32064.7688686487,1408.4106666666667
lp_lower,2025-04-28,0.0,8550.0,6947.259981481482,58613.77777489712,18075.139341563787,16083.328883333334,34522.49816949047,1421.6127499999998
lp_lower,2025-04-29,0.0,6947.259981481482,7950.0,52088.68027037037,19012.533703703702,14497.686283333333,31609.134487617775,1402.7310333333332
lp_lower,2025-04-30,0.0,7950.0,7950.0,51743.305869958844,18349.744403292178,14863.292966666666,30729.852623004193,1401.3089833333333
lp_lower,2025-05-01,0.0,7950.0,2711.4014259259266,49558.04258786008,14055.442304526745,16099.64698333333,31942.23594377448,1461.0367499999998
lp_lower,2025-05-02,0.0,2711.4014259259266,2374.917888888889,28275.772470987653,12805.464320987652,10675.261283333333,14945.834444188764,1270.56045
lp_lower,2025-05-03,0.0,2374.917888888889,7950.0,33915.31348333333,18999.999999999996,10372.4261,17110.384579294998,1296.4866666666667
lp_lower,2025-05-04,0.0,7950.0,8550.0,55787.78232222222,18490.07888888889,14436.9639,34158.44217260833,1472.7416666666666
lp_lower,2025-05-05,0.0,8550.0,8290.065383333327,58619.34970905349,19880.442442386826,16337.09953333333,35503.782716059075,1476.5975166666665
lp_lower,2025-05-06,0.0,8290.065383333327,8550.0,57054.05616666667,20789.6455,16605.6717,34650.31227549667,1515.84
lp_lower,2025-05-07,0.0,8550.0,8550.0,58866.411262345675,19992.449012345678,16193.8837,36061.41815596738,1465.1516666666666
lp_lower,2025-05-08,0.0,8550.0,2498.47012962963,52802.03452532098,12746.836887654317,15771.314762333333,33083.118661258544,1438.1195333333333
lp_lower,2025-05-09,0.0,2498.47012962963,2263.7823981481483,27082.248392386835,12681.980442386835,10483.623116666666,14095.209272994794,1254.1499333333331
lp_lower,2025-05-10,0.0,2263.7823981481483,8550.0,34358.39305,19672.609166666665,10277.217583333333,17141.045488469998,1311.0266666666666
lp_lower,2025-05-11,0.0,8550.0,7950.0,58446.76460473251,18435.18695473251,15472.501433333331,35460.6934049492,1467.79
lp_lower,2025-05-12,0.0,7950.0,8550.0,55835.69667901235,17707.902345679016,13803.400899999999,34115.48250829907,1447.645
lp_lower,2025-05-13,0.0,8550.0,8550.0,56756.27899670781,19089.82226337448,15462.756033333331,34276.97026772756,1433.7821999999999
lp_lower,2025-05-14,0.0,8550.0,8403.963312962964,56418.64716152263,18610.16524485596,15205.666866666666,34129.93772227514,1455.2143666666666
lp_lower,2025-05-15,0.0,8403.963312962964,1738.9526296296294,48984.117620370365,11671.415537037035,15452.356200000002,31139.038731892797,1404.4070833333333
lp_lower,2025-05-16,0.0,1738.9526296296294,1700.8873703703703,26153.14786430041,12058.067355967081,9801.293291666667,13324.690623313527,1167.1311666666666
lp_lower,2025-05-17,0.0,1700.8873703703703,8550.0,34742.40011666666,19666.66666666666,9765.798633333336,17396.87723675833,1331.8764666666666
lp_lower,2025-05-18,0.0,8550.0,7080.246166666667,55698.49199794239,17605.80183127572,15583.477933333332,33400.62310645706,1446.33
lp_lower,2025-05-19,0.0,7080.246166666667,8550.0,53116.64994999999,19676.278703703705,14615.0073,32440.049387815,1450.0717666666665
lp_lower,2025-05-20,0.0,8550.0,7950.0,57353.55547057613,17716.63502057613,14890.474366666667,34654.81664424908,1471.0637833333333
lp_lower,2025-05-21,0.0,7950.0,7950.0,54668.38152469136,17398.76969135802,14093.003449999998,33691.87197921345,1485.40175
lp_lower,2025-05-22,0.0,7950.0,1777.9637777777775,47393.16302674897,11217.709526748968,14641.177316666666,30261.379427676788,1389.6961999999999
lp_lower,2025-05-23,0.0,1777.9637777777775,1664.534685185185,25989.298666872422,12016.149650205762,9835.167400000002,13289.298372382735,1187.9196166666666
lp_lower,2025-05-24,0.0,1664.534685185185,6673.143042037035,31554.984746707814,17581.270046707818,9733.081216666666,15475.543109504113,1292.36935
lp_lower,2025-05-25,0.0,6673.143042037035,8550.0,53945.5266,19533.395549999997,14132.879133333332,32955.440775120005,1445.1371333333332
lp_lower,2025-05-26,0.0,8550.0,7896.892143333331,57409.96992737036,17989.12657037037,15158.989593000002,34509.81983662634,1454.7166666666667
lp_lower,2025-05-27,0.0,7896.892143333331,8550.0,53467.847649999996,18366.7541,14289.27375,32527.567019534996,1485.3033333333333
lp_lower,2025-05-28,0.0,8550.0,8550.0,55860.25418950617,18875.94783950617,15289.517749999999,33603.98954908784,1450.7645333333332
lp_lower,2025-05-29,0.0,8550.0,1979.006296296297,50524.34961510699,12253.265518106997,15839.039403,31841.541494303856,1439.4694
lp_lower,2025-05-30,0.0,1979.006296296297,2038.8587962962965,26378.00336255144,12432.065329218107,10016.105666666665,13514.964873905701,1293.9800166666664
lp_lower,2025-05-31,0.0,2038.8587962962965,8550.0,33559.78817083333,19697.832916666663,10095.217579166663,16285.750280942919,1285.6
lp_lower,2025-06-01,0.0,8550.0,8550.0,75357.98791831275,21753.48220164609,17620.32058333333,46016.388147163554,1566.6560166666666
lp_lower,2025-06-02,0.0,8550.0,8550.0,72824.12640205762,22017.468168724277,17834.149216666665,45121.80754571487,1560.7984
lp_lower,2025-06-03,0.0,8550.0,8550.0,72370.41353168723,21989.71946502058,17811.672766666667,44484.303375920244,1553.8999999999999
lp_lower,2025-06-04,0.0,8550.0,8550.0,73729.06518888888,21493.70722222222,17409.90285,44931.6508862194,1575.0506999999998
lp_lower,2025-06-05,0.0,8550.0,2700.619111111111,68950.07105411522,16132.60967078189,18331.85663333333,43519.018205476954,1554.7802666666666
lp_lower,2025-06-06,0.0,2700.619111111111,2700.5448518518515,35523.1295909465,13167.272057613169,10665.5572,20542.96100806434,1382.5308499999999
lp_lower,2025-06-07,0.0,2700.5448518518515,8550.0,40848.16783333333,19666.66666666667,10665.490366666667,22286.44256031333,1389.995
lp_lower,2025-06-08,0.0,8550.0,8550.0,68837.21361522633,19222.580781892997,15570.290433333334,42659.910588259445,1554.1
lp_lower,2025-06-09,0.0,8550.0,8550.0,75145.91841063375,22174.76672263374,17961.561045333336,46490.76551998389,1577.5738833333332
lp_lower,2025-06-10,0.0,8550.0,8550.0,75864.92148415637,22349.88026748971,18103.403016666663,46579.991663590554,1573.1816666666666
lp_lower,2025-06-11,0.0,8550.0,8550.0,80551.36913621398,23510.120102880654,19043.19728333333,50330.01698852464,1566.6487
lp_lower,2025-06-12,0.0,8550.0,2735.4599814814815,70354.17545041151,16499.31596707819,18597.531949999997,44832.02892623146,1518.89845
lp_lower,2025-06-13,0.0,2735.4599814814815,2378.505481481481,33510.514951646095,12826.561419753083,10710.773799999999,19236.03867630905,1355.8303999999998
lp_lower,2025-06-14,0.0,2378.505481481481,8550.0,40796.19248333333,19666.666666666664,10375.654933333333,22195.518875991664,1442.3211499999998
lp_lower,2025-06-15,0.0,8550.0,8550.0,74870.30766666666,22333.333333333332,18090.0,45824.25096897666,1540.6395499999999
lp_lower,2025-06-16,0.0,8550.0,8550.0,77041.00669101853,22878.704601851852,18531.750727499995,47547.22013669848,1542.8973666666666
lp_lower,2025-06-17,0.0,8550.0,8550.0,79029.95067901234,23120.734012345674,18727.79455,48959.78145417487,1579.2561166666665
lp_lower,2025-06-18,0.0,8550.0,8550.0,75093.52139444444,21921.739444444444,17756.608949999998,46017.16562287594,1544.4592833333331
lp_lower,2025-06-19,0.0,8550.0,2081.4115740740735,65256.59345864196,14835.888641975303,17838.79938333333,41608.933316799994,1532.3413333333333
lp_lower,2025-06-20,0.0,2081.4115740740735,2361.059962962963,32386.79724218107,12790.066625514402,10108.270416666666,18196.419301681995,1328.047383333333
lp_lower,2025-06-21,0.0,2361.059962962963,8550.0,38934.07248333333,19666.666666666668,10359.953966666664,20470.622812591668,1386.1983333333333
lp_lower,2025-06-22,0.0,8550.0,8550.0,71419.90716419753,20855.61086419753,16893.044799999996,43818.27402285281,1564.7422499999998
lp_lower,2025-06-23,0.0,8550.0,8550.0,71213.11094300411,21851.710226337447,17699.88528333333,44168.80844942335,1521.4003833333331
lp_lower,2025-06-24,0.0,8550.0,8550.0,80710.86312037037,23379.32037037037,18937.249499999998,50036.3051138663,1566.1083333333331
lp_lower,2025-06-25,0.0,8550.0,8550.0,74689.18837566665,22377.7211,18125.954091,45514.6793161861,1565.7066666666665
lp_lower,2025-06-26,0.0,8550.0,2298.7956481481483,64700.30601191975,14626.347869753085,17473.425691166667,41038.9903444639,1533.0336499999999
lp_lower,2025-06-27,0.0,2298.7956481481483,2294.5590370370373,31416.91585781893,12716.176707818926,10303.916083333334,17464.095259568,1333.8387166666666
lp_lower,2025-06-28,0.0,2294.5590370370373,8550.0,38903.82421666666,19666.666666666668,10300.103133333334,20515.340677634995,1387.1583333333333
lp_lower,2025-06-29,0.0,8550.0,8550.0,73432.04752674897,21917.2578600823,17752.978866666665,44667.13897941987,1538.4532333333332
lp_lower,2025-06-30,0.0,8550.0,8550.0,73965.5016668354,21514.829913168724,17427.012229666663,45213.259223298424,1558.0366666666666
lp_lower,2025-07-01,0.0,8550.0,8550.0,83048.94832773661,22012.654181069956,17830.24988666667,51718.66262056256,1654.7068666666667
lp_lower,2025-07-02,0.0,8550.0,8550.0,76674.80568888888,19842.312222222223,16072.2729,47971.57620403,1677.3904166666666
lp_lower,2025-07-03,0.0,8550.0,2804.1512037037037,77689.20235617901,16316.038629012348,18387.25520616667,49913.90529616087,1670.6636166666667
lp_lower,2025-07-04,0.0,2804.1512037037037,2905.702537037037,41278.345957818936,13395.22504115227,10758.736083333331,24199.322283434056,1482.2316166666665
lp_lower,2025-07-05,0.0,2905.702537037037,8550.0,47970.30431666666,19666.66666666666,10850.132283333332,27158.295281211667,1498.73
lp_lower,2025-07-06,0.0,8550.0,8550.0,84210.76863950618,23246.24783950617,18829.46075,53079.16988061766,1666.5983333333334
lp_lower,2025-07-07,0.0,8550.0,8550.0,77134.55714629628,19605.65462962963,15880.580249999999,48169.22962264833,1720.8883333333333
lp_lower,2025-07-08,0.0,8550.0,8550.0,79827.89146666665,22402.655,18146.15055,50465.7387628,1639.3980499999998
lp_lower,2025-07-09,0.0,8550.0,8550.0,78126.35943106996,21408.60218106996,17340.967766666665,48912.12410227354,1646.2616666666665
lp_lower,2025-07-10,0.0,8550.0,3287.195351851852,71007.95119773663,15215.010514403295,17060.682699999998,46102.78578246712,1669.0819
lp_lower,2025-07-11,0.0,3287.195351851852,2896.4928888888894,40991.93189876543,13384.992098765433,11193.475816666665,23965.808664878394,1464.3254166666666
lp_lower,2025-07-12,0.0,2896.4928888888894,8550.0,47925.313899999994,19666.666666666668,10841.843599999998,27143.050007805,1535.5549999999998
lp_lower,2025-07-13,0.0,8550.0,8550.0,73134.25132777778,20350.162777777783,16483.631849999998,46579.56519671259,1666.8589166666666
lp_lower,2025-07-14,0.0,8550.0,8550.0,75491.74679156378,19389.829341563785,15705.761766666665,47715.78387926042,1654.725
lp_lower,2025-07-15,0.0,8550.0,8550.0,76481.49049670782,19644.42059670782,15911.980683333333,47994.86139504185,1642.2849999999999
lp_lower,2025-07-16,0.0,8550.0,8550.0,75858.8371201646,19601.44072016461,15877.166983333333,47800.140982253215,1694.3766666666666
lp_lower,2025-07-17,0.0,8550.0,2646.6471851851848,70217.54997407408,14790.270740740738,17293.136833333334,45746.31291587273,1617.9236999999998
lp_lower,2025-07-18,0.0,2646.6471851851848,2128.7602962962965,39440.75668477366,12531.955884773663,10616.982466666665,23152.339654886255,1476.631483333333
lp_lower,2025-07-19,0.0,2128.7602962962965,8550.0,47702.813799999996,19666.666666666664,10150.884266666664,27075.103013023334,1487.1200833333332
lp_lower,2025-07-20,0.0,8550.0,8550.0,75926.3621063786,20191.494156378598,16355.110266666665,47505.34498444376,1646.7456499999998
lp_lower,2025-07-21,0.0,8550.0,8550.0,77969.66336419753,20946.915864197534,16967.001849999997,48941.389992489814,1625.9532333333332
lp_lower,2025-07-22,0.0,8550.0,8550.0,77787.68139423867,21013.351460905345,17020.81468333333,48685.83693395362,1636.685
lp_lower,2025-07-23,0.0,8550.0,8550.0,78376.81931893004,21896.169485596707,17735.897283333332,49298.36520725273,1641.88875
lp_lower,2025-07-24,0.0,8550.0,2553.0632183333337,70817.81987921809,13676.794645884771,16475.446766666668,45980.56038823726,1622.25155
lp_lower,2025-07-25,0.0,2553.0632183333337,2746.8114074074074,39697.571258230455,13275.493358230453,10578.77625,23188.198259590143,1450.2664499999998
lp_lower,2025-07-26,0.0,2746.8114074074074,8550.0,46467.247416666665,19666.666666666668,10707.130266666669,26142.32531033166,1473.3493999999998
lp_lower,2025-07-27,0.0,8550.0,8550.0,77932.90084279835,22356.37390946502,18108.662866666666,48698.47718416589,1639.0166666666667
lp_lower,2025-07-28,0.0,8550.0,8550.0,82114.41108644856,21892.28343744856,17732.749584333334,51278.89157335886,1659.5216666666665
lp_lower,2025-07-29,0.0,8550.0,8550.0,80192.23429979423,21699.93868312757,17576.950333333334,49853.747860390285,1629.0263166666666
lp_lower,2025-07-30,0.0,8550.0,8550.0,78223.50636851852,21685.538518518522,17565.286199999995,48943.60077711556,1623.9033333333332
lp_lower,2025-07-31,0.0,8550.0,2131.081444444444,71718.16799685801,14737.886474691357,17714.7147445,46454.512132080985,1620.8015333333333
lp_lower,2025-08-01,0.0,2131.081444444444,2417.8696481481475,39064.25899794238,12853.18849794239,10152.9733,22784.607249572015,1405.7502333333332
lp_lower,2025-08-02,0.0,2417.8696481481475,7950.0,44639.86331666666,18999.999999999996,10411.082683333334,25134.10623105833,1456.4933333333333
lp_lower,2025-08-03,0.0,7950.0,8440.953208148148,67016.40092263374,19658.226589300404,15481.30565,43060.522323555735,1661.47895
lp_lower,2025-08-04,0.0,8440.953208148148,8550.0,69176.83103497942,19279.125468312755,15517.949516666667,44000.96346414308,1645.5158833333332
lp_lower,2025-08-05,0.0,8550.0,8550.0,68876.04229465021,19598.592427983538,15874.859866666668,43489.075856059135,1645.2833333333333
lp_lower,2025-08-06,0.0,8550.0,7950.0,71215.31015555555,19162.688888888886,16061.777999999998,45345.13975536518,1625.3666666666666
lp_lower,2025-08-07,0.0,7950.0,2845.9932037037042,61486.12147942386,14167.064979423865,16068.92875,40552.27860145683,1669.5553666666665
lp_lower,2025-08-08,0.0,2845.9932037037042,2779.3662037037047,38132.42212078189,13254.851337448561,10796.393883333334,22125.0709829709,1448.5099333333333
lp_lower,2025-08-09,0.0,2779.3662037037047,8550.0,44972.9908,19666.66666666666,10736.42958333333,25081.811887835,1467.0866666666666
lp_lower,2025-08-10,0.0,8550.0,8376.52079314815,68692.58502777778,18653.143494444448,15265.177516666667,43723.656031990824,1635.7883333333332
lp_lower,2025-08-11,0.0,8376.52079314815,8550.0,68587.25341790123,20367.730517901236,16341.730433333332,43591.585871158146,1643.6090666666666
lp_lower,2025-08-12,0.0,8550.0,8550.0,71382.07146604938,19060.672716049376,15439.1449,45486.44408873765,1647.3166666666666
lp_lower,2025-08-13,0.0,8550.0,8550.0,69737.2301694177,19032.898523251024,15416.647803833332,43974.49302123595,1622.3649999999998
lp_lower,2025-08-14,0.0,8550.0,2996.112074074074,63769.62124012345,14956.996790123452,17113.666533333333,41868.70523369484,1608.2719833333333
lp_lower,2025-08-15,0.0,2996.112074074074,2711.6885740740736,38464.46228786008,13179.653971193413,10931.500866666665,22261.508190875327,1422.875183333333
lp_lower,2025-08-16,0.0,2711.6885740740736,7950.0,44390.90708333333,19000.000000000004,10675.519716666666,24933.051892536663,1458.4716666666666
lp_lower,2025-08-17,0.0,7950.0,8550.0,67589.31128024691,20441.67191358024,16017.754249999998,43310.74980751223,1620.355
lp_lower,2025-08-18,0.0,8550.0,7950.0,67599.33263518519,19711.66851851852,16506.4515,43315.4124308116,1629.6402833333332
lp_lower,2025-08-19,0.0,7950.0,8550.0,68610.3841053498,19751.17923868313,15458.455183333332,43779.33510617179,1619.5372166666666
lp_lower,2025-08-20,0.0,8550.0,8550.0,74779.07528353909,21728.337983539088,17599.953766666666,46842.3379511058,1595.34
lp_lower,2025-08-21,0.0,8550.0,2796.796462962963,63095.97343148148,12786.51648148148,15534.961533333331,41318.26493076603,1607.0435499999999
lp_lower,2025-08-22,0.0,2796.796462962963,2744.0583518518515,39505.680657613164,13215.620390946498,10752.116816666667,23305.869805247672,1449.9165333333333
lp_lower,2025-08-23,0.0,2744.0583518518515,7950.0,44678.089799999994,18999.999999999996,10704.652516666667,25206.053142453333,1460.0616666666665
lp_lower,2025-08-24,0.0,7950.0,8550.0,68593.07168662551,21347.067736625515,16751.124866666665,44123.930412615744,1612.51775
lp_lower,2025-08-25,0.0,8550.0,8550.0,74660.17503744856,20458.358004115224,16571.26998333333,47183.34893254839,1619.9083333333333
lp_lower,2025-08-26,0.0,8550.0,8550.0,69437.12888415638,20570.05526748971,16661.744766666667,44332.652098094644,1601.9366666666665
lp_lower,2025-08-27,0.0,8550.0,8550.0,71917.1886526749,21068.630452674894,17065.590666666667,45818.858935861856,1588.3809999999999
lp_lower,2025-08-28,0.0,8550.0,3905.3360555555555,69615.30448415637,15935.300267489707,17087.790766666665,44749.35820768321,1593.3553833333333
lp_lower,2025-08-29,0.0,3905.3360555555555,2673.660333333333,38317.33507037036,13137.400370370366,11749.80245,22603.28138087037,1450.1355166666665
lp_lower,2025-08-30,0.0,2673.660333333333,8550.0,45840.89583333333,19666.66666666666,10641.294299999998,25924.46280755833,1479.915
lp_lower,2025-08-31,0.0,8550.0,7950.0,69882.7517641111,19874.361477777777,16638.232796999997,44695.333958852396,1619.985
lp_lower,2025-09-01,0.0,7950.0,8550.0,57818.80780761317,19498.2803909465,15253.607116666666,35724.91998748907,1495.64015
lp_lower,2025-09-02,0.0,8550.0,7950.0,57346.722127983536,20152.454094650206,16863.487816666668,35570.84620893187,1488.7209833333332
lp_lower,2025-09-03,0.0,7950.0,7950.0,59124.96614855967,18827.625781893006,15250.376883333334,37086.7646651055,1516.15715
lp_lower,2025-09-04,0.0,7950.0,3072.2841111111115,52542.75698168724,14753.829465020575,16340.546166666665,34343.80469502913,1470.8465166666665
lp_lower,2025-09-05,0.0,3072.2841111111115,3321.5306111111104,30197.498317901234,13857.256234567902,11000.0557,16325.623440693269,1302.53075
lp_lower,2025-09-06,0.0,3321.5306111111104,8550.0,36191.090249999994,19666.666666666664,11224.377550000001,18821.739464178332,1301.5216166666664
lp_lower,2025-09-07,0.0,8550.0,8550.0,58857.36865411523,20507.28967078189,16610.90463333333,36266.64166294162,1460.5183333333332
lp_lower,2025-09-08,0.0,8550.0,7950.0,62527.98386630041,19328.49648930041,16196.082156333332,38776.57012511654,1471.2166666666667
lp_lower,2025-09-09,0.0,7950.0,8550.0,58877.79364485596,20730.608744855963,16251.793083333332,37057.813038128574,1467.6823499999998
lp_lower,2025-09-10,0.0,8550.0,8355.330092592592,65235.2869409465,21549.953724279832,17630.66543333333,39903.76486560216,1494.6366666666665
lp_lower,2025-09-11,0.0,8355.330092592592,3780.7593888888887,53294.03944876543,16034.17709876543,17104.79708333333,34413.9810865387,1456.6951833333333
lp_lower,2025-09-12,0.0,3780.7593888888887,3655.6492407407413,31214.800206378597,14228.499156378602,11637.68345,16914.595794426416,1319.9583666666665
lp_lower,2025-09-13,0.0,3655.6492407407413,8550.0,36703.51293333333,19666.666666666668,11525.084316666667,19340.2776477,1321.0989666666665
lp_lower,2025-09-14,0.0,8550.0,8550.0,64105.07185226337,21082.879485596706,17077.132383333334,39402.10105271438,1491.8466666666666
lp_lower,2025-09-15,0.0,8550.0,8550.0,59907.25958703704,21479.0437037037,17398.0254,37471.696041827774,1466.8836666666666
lp_lower,2025-09-16,0.0,8550.0,8550.0,63433.868375720165,20747.88627572016,16805.78788333333,39239.67298603919,1500.06695
lp_lower,2025-09-17,0.0,8550.0,8550.0,64015.413204041135,21343.656863374483,17288.362059333333,39388.24419538109,1521.5113833333332
lp_lower,2025-09-18,0.0,8550.0,3925.369055555555,57886.33151563786,16276.043415637858,17345.763016666668,36953.31624872839,1445.2979
lp_lower,2025-09-19,0.0,3925.369055555555,4276.081259259259,32176.14304917695,14917.868065843622,11767.83215,17474.63641308434,1340.44805
lp_lower,2025-09-20,0.0,4276.081259259259,8550.0,36779.187966666665,19666.666666666664,12083.473133333333,19442.657297533333,1312.8149999999998
lp_lower,2025-09-21,0.0,8550.0,8550.0,62151.67660246913,20337.8374691358,16473.648350000003,38596.07366490389,1457.7166666666667
lp_lower,2025-09-22,0.0,8550.0,8550.0,64684.90991255143,21425.73699588477,17354.846966666664,40010.081478318956,1492.6016666666665
lp_lower,2025-09-23,0.0,8550.0,8550.0,66265.42130905349,21835.81960905349,17687.013883333333,41311.88255747086,1480.54
lp_lower,2025-09-24,0.0,8550.0,8550.0,65116.558433333325,21333.33333333333,17280.0,40237.51740811333,1455.3199666666665
lp_lower,2025-09-25,0.0,8550.0,4225.623222222222,59607.94127304526,16654.90248971193,17382.410116666666,37954.98686911611,1440.2531999999999
lp_lower,2025-09-26,0.0,4225.623222222222,4525.890296296297,31840.889529218104,15195.433662551439,12038.0609,17141.560275748372,1322.4666666666667
lp_lower,2025-09-27,0.0,4525.890296296297,8550.0,37860.0634,19666.666666666664,12308.301266666665,20306.801095966664,1313.9838333333332
lp_lower,2025-09-28,0.0,8550.0,8550.0,67597.98958086419,21633.475864197528,17523.115449999998,41590.90841054703,1452.1591166666665
lp_lower,2025-09-29,0.0,8550.0,8550.0,66851.27314876542,21533.587098765427,17442.20555,41507.79451192685,1461.0614833333332
lp_lower,2025-09-30,0.0,8550.0,8550.0,69623.07678078394,22110.010600617286,17909.1085865,43355.7081955733,1469.9950666666666
lp_lower,2025-10-01,0.0,8550.0,8550.0,56393.58967777777,21411.214444444446,17343.083700000003,34287.465348695,1416.6635333333334
lp_lower,2025-10-02,0.0,8550.0,4298.737425925926,51683.9252510288,16609.708251028802,17280.0,32224.090509224152,1424.8103166666665
lp_lower,2025-10-03,0.0,4298.737425925926,4880.069333333333,29335.446425925926,15588.965925925924,12103.863683333333,14804.575648900738,1284.3008333333332
lp_lower,2025-10-04,0.0,4880.069333333333,8550.0,34374.053316666665,19666.666666666664,12627.062399999999,17177.065466638334,1262.6490166666665
lp_lower,2025-10-05,0.0,8550.0,8550.0,58789.2944,21333.333333333336,17280.0,35667.06879065333,1422.4213333333332
lp_lower,2025-10-06,0.0,8550.0,8550.0,61798.993983333334,21399.393333333337,17333.5086,37520.36206902,1435.0484833333333
lp_lower,2025-10-07,0.0,8550.0,8550.0,61835.54817119342,21389.395637860085,17325.410466666664,37530.83880441599,1428.0693166666665
lp_lower,2025-10-08,0.0,8550.0,8550.0,60531.829,21333.33333333333,17280.0,36749.94409325833,1410.6536333333333
lp_lower,2025-10-09,0.0,8550.0,4917.993481481482,55784.19434032921,17331.676440329218,17307.463783333333,35058.025604130504,1448.82235
lp_lower,2025-10-10,0.0,4917.993481481482,5095.016314814814,30833.944038683127,15827.795905349793,12661.194133333334,15837.297514826705,1274.61
lp_lower,2025-10-11,0.0,5095.016314814814,8550.0,34538.42414999999,19666.666666666664,12820.514683333335,17471.134934545,1264.8819999999998
lp_lower,2025-10-12,0.0,8550.0,8550.0,62580.96977983538,21400.07261316872,17334.058816666664,38021.05435305302,1425.445
lp_lower,2025-10-13,0.0,8550.0,8550.0,61114.19853292181,21509.490699588478,17422.68746666667,37507.42072501006,1426.4457666666665
lp_lower,2025-10-14,0.0,8550.0,8550.0,64842.4458100823,21413.77119341564,17345.154666666665,39742.83630644265,1445.9582166666664
lp_lower,2025-10-15,0.0,8550.0,8550.0,66053.31917530866,21754.186975308643,17620.891449999996,40057.975682512035,1427.2095166666666
lp_lower,2025-10-16,0.0,8550.0,5047.285074074074,63281.365237037026,18249.135370370368,17934.243083333335,39697.99448870865,1420.9884166666666
lp_lower,2025-10-17,0.0,5047.285074074074,5027.324962962962,30851.351425514396,15752.58329218107,12777.556566666666,15961.684409413783,1285.6188666666667
lp_lower,2025-10-18,0.0,5027.324962962962,8550.0,35044.9967,19666.666666666664,12759.592466666665,17732.58410752,1283.3873666666666
lp_lower,2025-10-19,0.0,8550.0,8550.0,68133.7087399177,22357.8221399177,18109.835933333336,41924.63810504257,1423.0616666666665
lp_lower,2025-10-20,0.0,8550.0,8550.0,68615.46404382716,21972.00882716049,17797.32715,42142.208567711314,1464.7500499999999
lp_lower,2025-10-21,0.0,8550.0,8550.0,70677.72674855967,22184.975781893005,17969.830383333334,43059.91993700751,1472.1466
lp_lower,2025-10-22,0.0,8550.0,8550.0,69794.23491975309,22312.306419753084,18072.968200000003,42968.99867734203,1428.2568833333332
lp_lower,2025-10-23,0.0,8550.0,5871.823537037037,64564.97743847736,18925.46958847737,17739.98918333333,40229.83335257646,1429.8303666666666
lp_lower,2025-10-24,0.0,5871.823537037037,5409.129592592593,32007.92075843621,16176.810658436214,13519.641183333333,16825.27181619442,1326.032783333333
lp_lower,2025-10-25,0.0,5409.129592592593,8550.0,35492.725849999995,19666.666666666668,13103.216633333333,18232.440027495,1323.92365
lp_lower,2025-10-26,0.0,8550.0,8550.0,68705.41769341564,21900.556193415643,17739.450516666668,41975.65463842265,1425.0093833333333
lp_lower,2025-10-27,0.0,8550.0,8550.0,67760.32666687242,22146.026316872427,17938.281316666664,41967.0421992608,1449.4087166666666
lp_lower,2025-10-28,0.0,8550.0,8550.0,70170.6473248971,22095.92434156378,17897.698716666666,43144.80167024473,1426.3429666666666
lp_lower,2025-10-29,0.0,8550.0,8550.0,73726.55694979423,23233.15868312757,18818.858533333332,45465.00317627893,1445.4408166666667
lp_lower,2025-10-30,0.0,8550.0,6046.363814814815,66195.9429685185,19270.515185185184,17862.389866666665,41403.18098581911,1421.3671333333332
lp_lower,2025-10-31,0.0,6046.363814814815,5945.848944444444,32880.296927160496,16773.16549382716,13676.727433333333,17323.029406737714,1314.5890333333332
lp_lower,2025-11-01,0.0,5945.848944444444,8550.0,35707.26548333333,19666.666666666664,13586.264050000003,18329.085236594994,1295.9719666666665
lp_lower,2025-11-02,0.0,8550.0,8550.0,73226.19619917695,23314.801399176955,18884.98913333333,45218.242513687386,1412.7779999999998
lp_lower,2025-11-03,0.0,8550.0,8550.0,73796.8977446502,22589.302427983537,18297.33496666666,45201.316478209585,1431.35865
lp_lower,2025-11-04,0.0,8550.0,8550.0,71880.35123621399,22633.048436213983,18332.769233333333,44476.87951325907,1427.9447833333334
lp_lower,2025-11-05,0.0,8550.0,8550.0,74078.56665987654,23160.771543209874,18760.22495,45646.97331062635,1430.0086333333334
lp_lower,2025-11-06,0.0,8550.0,6974.635425925925,73947.3031393004,21029.193189300408,18451.4746,46196.70500983355,1472.7884166666665
lp_lower,2025-11-07,0.0,6974.635425925925,6305.258240740741,33210.857839711935,17197.36718106996,14532.306883333333,17374.70262822786,1286.85475
lp_lower,2025-11-08,0.0,6305.258240740741,8550.0,35652.05641666666,19666.66666666667,13909.732416666666,18405.634057515,1290.1978
lp_lower,2025-11-09,0.0,8550.0,8550.0,75862.54340288066,23766.980102880658,19251.25388333333,46969.02850457165,1394.4999333333333
lp_lower,2025-11-10,0.0,8550.0,8550.0,78298.82763416666,23370.444916666667,18930.060382499996,48701.670728528414,1435.9452833333332
lp_lower,2025-11-11,0.0,8550.0,8550.0,75982.77200370369,23282.907037037035,18859.1547,47202.55660431426,1433.5924833333333
lp_lower,2025-11-12,0.0,8550.0,8550.0,75409.36156766665,23438.809566666663,18985.435749,46986.75484667343,1410.8358166666667
lp_lower,2025-11-13,0.0,8550.0,6611.188314814815,74702.93572903909,21326.28910020576,19019.22468783333,46747.629629034855,1404.1349833333334
lp_lower,2025-11-14,0.0,6611.188314814815,6972.489222222223,34507.87463024691,17913.876913580247,14185.069483333335,18228.901426971355,1286.2188833333332
lp_lower,2025-11-15,0.0,6972.489222222223,8550.0,36347.90141666666,19703.025596707816,14539.691033333333,18903.865590633337,1291.4542166666665
lp_lower,2025-11-16,0.0,8550.0,8550.0,78887.54917666668,23436.86733333333,18983.862539999995,49366.80678965966,1410.611683333333
lp_lower,2025-11-17,0.0,8550.0,8550.0,77127.00834466667,23322.389533333335,18891.135522,48015.27881904406,1405.0583333333332
lp_lower,2025-11-18,0.0,8550.0,8550.0,79375.92077942386,23607.20497942387,19121.836033333333,49316.22933677354,1436.2451833333332
lp_lower,2025-11-19,0.0,8550.0,8550.0,79793.43360372016,23290.115809053495,18864.99380533333,49981.130290400775,1411.5616666666665
lp_lower,2025-11-20,0.0,8550.0,7129.72587037037,77724.82969619546,22157.89673436214,19226.143071499995,48839.14182544028,1436.9590166666667
lp_lower,2025-11-21,0.0,7129.72587037037,7407.495199814815,35360.906522016456,18434.455571810697,14681.916616666666,18557.745762268845,1309.1783833333332
lp_lower,2025-11-22,0.0,7407.495199814815,8550.0,36900.20013333333,19670.27235,14904.666283333332,19307.482208803332,1268.5879499999999
lp_lower,2025-11-23,0.0,8550.0,8550.0,79702.69901975308,23529.48808641975,19058.88535,49924.11508859937,1443.4781833333332
lp_lower,2025-11-24,0.0,8550.0,8550.0,78643.10567003908,23585.06300020576,19103.901030166664,49042.42073908186,1436.0863666666664
lp_lower,2025-11-25,0.0,8550.0,8550.0,80589.32838416666,23266.67325,18846.0053325,50375.96192036158,1426.72865
lp_lower,2025-11-26,0.0,8550.0,8550.0,81234.70244506173,23563.345061728392,19086.309500000003,50874.43492339771,1428.0194666666666
lp_lower,2025-11-27,0.0,8550.0,7669.218666666668,79302.53617154731,22707.087569547322,19185.444131333334,49889.62651803612,1426.8325333333332
lp_lower,2025-11-28,0.0,7669.218666666668,7950.0,36009.39961666666,19000.0,15137.296800000004,19035.81261095166,1282.5178999999998
lp_lower,2025-11-29,0.0,7950.0,8550.0,39161.43304362139,19431.489176954732,15199.506233333334,20260.257787778704,1286.0967666666666
lp_lower,2025-11-30,0.0,8550.0,8550.0,84940.29718230452,24712.995082304522,20017.526016666663,53385.675090038145,1444.2951166666664
lp_lower,2025-12-01,0.0,8550.0,8550.0,91017.26106666666,24833.33333333333,20115.0,57805.03709014666,1502.9157166666664
lp_lower,2025-12-02,0.0,8550.0,8550.0,93375.21433004114,24933.707263374483,20196.30288333333,59588.254534451335,1544.6716833333332
lp_lower,2025-12-03,0.0,8550.0,8550.0,91922.41868312756,25050.895349794235,20291.22523333333,58013.08280215498,1533.011633333333
lp_lower,2025-12-04,0.0,8550.0,8550.0,91489.54208333333,24833.33333333333,20115.0,58256.91453353166,1498.9384166666666
lp_lower,2025-12-05,0.0,8550.0,8550.0,45335.65390761317,21179.0853909465,17155.059166666666,23461.766639015554,1364.9375499999999
lp_lower,2025-12-06,0.0,8550.0,8550.0,47688.542051851844,21178.48018518518,17154.56895,24625.461796797215,1353.6572833333332
lp_lower,2025-12-07,0.0,8550.0,8550.0,92423.8346537037,25111.3337037037,20340.180300000004,58741.27818103037,1534.76615
lp_lower,2025-12-08,0.0,8550.0,8550.0,92623.64911625514,25139.14736625514,20362.70936666667,58736.18307318495,1520.3649166666664
lp_lower,2025-12-09,0.0,8550.0,8550.0,92205.61287078189,25353.466337448557,20536.307733333335,58893.95997193707,1540.1431499999999
lp_lower,2025-12-10,0.0,8550.0,8550.0,93163.12858209875,25134.263765432097,20358.75365,58989.50449416987,1510.8547166666665
lp_lower,2025-12-11,0.0,8550.0,8550.0,90679.58803333333,24833.33333333333,20115.0,57482.987833313324,1504.3203666666668
lp_lower,2025-12-12,0.0,8550.0,8550.0,47708.384948559666,21020.90244855967,17026.930983333332,24585.806501343824,1363.7922333333331
lp_lower,2025-12-13,0.0,8550.0,8550.0,47858.43843744855,21367.921337448555,17308.01628333333,24654.289480364198,1361.0972166666666
lp_lower,2025-12-14,0.0,8550.0,8550.0,93556.99209938271,25148.791049382715,20370.52075,59590.743568288264,1543.4112999999998
lp_lower,2025-12-15,0.0,8550.0,8550.0,94215.96317448559,24981.080041152258,20234.674833333334,59895.01004783077,1543.9644833333332
lp_lower,2025-12-16,0.0,8550.0,8550.0,94136.42466666666,24833.33333333333,20115.0,59962.79780518999,1530.512533333333
lp_lower,2025-12-17,0.0,8550.0,8550.0,92921.9699547325,24895.383621399174,20165.260733333333,58878.158255963805,1559.6608
lp_lower,2025-12-18,0.0,8550.0,8550.0,92109.22577777777,24962.941111111108,20219.9823,58776.44146529444,1548.0133833333332
lp_lower,2025-12-19,0.0,8550.0,8550.0,46936.13071069959,21198.628477366256,17170.889066666663,24400.701967733396,1335.8209666666667
lp_lower,2025-12-20,0.0,8550.0,8550.0,46925.29061172839,21415.46506172839,17346.526699999995,24278.965372309074,1380.31495
lp_lower,2025-12-21,0.0,8550.0,8550.0,93770.21493971194,24907.54248971193,20175.109416666666,59664.196780370636,1541.0212499999998
lp_lower,2025-12-22,0.0,8550.0,8550.0,93717.15750144032,25156.47588477366,20376.745466666667,59682.19568024514,1578.759583333333
lp_lower,2025-12-23,0.0,8550.0,8550.0,92029.1718604938,25110.94382716049,20339.8645,58400.64965968938,1493.5227833333333
lp_lower,2025-12-24,0.0,8550.0,8550.0,92625.16345617283,25108.442839506173,20337.8387,59099.014250577275,1525.278683333333
lp_lower,2025-12-25,0.0,8550.0,8550.0,92538.86110452673,24875.855637860084,20149.443066666667,58803.76504700544,1516.4900166666666
lp_lower,2025-12-26,0.0,8550.0,8550.0,47107.00175061728,21575.68061728395,17476.3013,24304.071799470737,1372.76305
lp_lower,2025-12-27,0.0,8550.0,8550.0,47342.39870720163,21071.524423868308,17067.934783333334,24488.993080448083,1345.6349
lp_lower,2025-12-28,0.0,8550.0,8550.0,91472.01190658435,24540.827139917692,19878.06998333333,58018.34713314518,1538.0549666666666
lp_lower,2025-12-29,0.0,8550.0,8550.0,92277.42923991768,25019.27880658436,20265.615833333333,58322.617138365655,1539.6315
lp_lower,2025-12-30,0.0,8550.0,8550.0,90890.86105823045,24560.30767489712,19893.849216666662,57679.01261575482,1530.4154666666666
lp_lower,2025-12-31,0.0,8550.0,1200.0,85239.45166954733,16884.361769547326,20291.333033333332,56109.37894684195,1555.2350999999999
